,E_daily
2002-01-01,
2002-01-02,
2002-01-03,
2002-01-04,13677.288255958467
2002-01-05,
2002-01-06,
2002-01-07,963.8290236239706
2002-01-08,1870.6821403658016
2002-01-09,1342.764961137864
2002-01-10,7046.9306896714525
2002-01-11,496.5923214503358
2002-01-12,1870.6821403658016
2002-01-13,963.8290236239706
2002-01-14,
2002-01-15,3630.7805477010174
2002-01-16,
2002-01-17,496.5923214503358
2002-01-18,3630.7805477010174
2002-01-19,
2002-01-20,
2002-01-21,
2002-01-22,
2002-01-23,
2002-01-24,496.5923214503358
2002-01-25,
2002-01-26,1870.6821403658016
2002-01-27,
2002-01-28,691.8309709189363
2002-01-29,
2002-01-30,691.8309709189363
2002-01-31,
2002-02-01,691.8309709189363
2002-02-02,963.8290236239706
2002-02-03,
2002-02-04,
2002-02-05,
2002-02-06,1342.764961137864
2002-02-07,
2002-02-08,1342.764961137864
2002-02-09,1870.6821403658016
2002-02-10,9817.479430199863
2002-02-11,94.6237161365793
2002-02-12,
2002-02-13,9817.479430199863
2002-02-14,183.65383433483436
2002-02-15,2606.1535499988977
2002-02-16,963.8290236239706
2002-02-17,255.8585886905653
2002-02-18,3630.7805477010174
2002-02-19,5058.246620031148
2002-02-20,356.4511334262439
2002-02-21,13677.288255958467
2002-02-22,2606.1535499988977
2002-02-23,3630.7805477010174
2002-02-24,963.8290236239706
2002-02-25,
2002-02-26,
2002-02-27,
2002-02-28,139315.6802945298
2002-03-01,
2002-03-02,1870.6821403658016
2002-03-03,
2002-03-04,963.8290236239706
2002-03-05,
2002-03-06,
2002-03-07,963.8290236239706
2002-03-08,
2002-03-09,1342.764961137864
2002-03-10,1342.764961137864
2002-03-11,963.8290236239706
2002-03-12,691.8309709189363
2002-03-13,691.8309709189363
2002-03-14,
2002-03-15,1870.6821403658016
2002-03-16,1342.764961137864
2002-03-17,
2002-03-18,
2002-03-19,
2002-03-20,3630.7805477010174
2002-03-21,356.4511334262439
2002-03-22,2606.1535499988977
2002-03-23,1419057.5216890955
2002-03-24,963.8290236239706
2002-03-25,2606.1535499988977
2002-03-26,3630.7805477010174
2002-03-27,
2002-03-28,1342.764961137864
2002-03-29,
2002-03-30,
2002-03-31,13677.288255958467
2002-04-01,
2002-04-02,3630.7805477010174
2002-04-03,
2002-04-04,691.8309709189363
2002-04-05,496.5923214503358
2002-04-06,51522.86445817562
2002-04-07,3630.7805477010174
2002-04-08,3630.7805477010174
2002-04-09,3630.7805477010174
2002-04-10,2606.1535499988977
2002-04-11,3630.7805477010174
2002-04-12,1342.764961137864
2002-04-13,1870.6821403658016
2002-04-14,3630.7805477010174
2002-04-15,963.8290236239706
2002-04-16,963.8290236239706
2002-04-17,963.8290236239706
2002-04-18,1342.764961137864
2002-04-19,963.8290236239706
2002-04-20,
2002-04-21,496.5923214503358
2002-04-22,
2002-04-23,9817.479430199863
2002-04-24,
2002-04-25,3630.7805477010174
2002-04-26,2606.1535499988977
2002-04-27,1342.764961137864
2002-04-28,
2002-04-29,2606.1535499988977
2002-04-30,496.5923214503358
2002-05-01,
2002-05-02,
2002-05-03,1342.764961137864
2002-05-04,5058.246620031148
2002-05-05,139315.6802945298
2002-05-06,
2002-05-07,963.8290236239706
2002-05-08,
2002-05-09,1342.764961137864
2002-05-10,496.5923214503358
2002-05-11,691.8309709189363
2002-05-12,2606.1535499988977
2002-05-13,691.8309709189363
2002-05-14,9817.479430199863
2002-05-15,
2002-05-16,1342.764961137864
2002-05-17,496.5923214503358
2002-05-18,5058.246620031148
2002-05-19,1870.6821403658016
2002-05-20,691.8309709189363
2002-05-21,2606.1535499988977
2002-05-22,
2002-05-23,7046.9306896714525
2002-05-24,5058.246620031148
2002-05-25,2606.1535499988977
2002-05-26,
2002-05-27,
2002-05-28,2606.1535499988977
2002-05-29,
2002-05-30,1870.6821403658016
2002-05-31,963.8290236239706
2002-06-01,
2002-06-02,
2002-06-03,1870.6821403658016
2002-06-04,963.8290236239706
2002-06-05,
2002-06-06,963.8290236239706
2002-06-07,356.4511334262439
2002-06-08,
2002-06-09,3630.7805477010174
2002-06-10,
2002-06-11,
2002-06-12,
2002-06-13,2606.1535499988977
2002-06-14,
2002-06-15,691.8309709189363
2002-06-16,
2002-06-17,5058.246620031148
2002-06-18,963.8290236239706
2002-06-19,1342.764961137864
2002-06-20,1342.764961137864
2002-06-21,13677.288255958467
2002-06-22,
2002-06-23,7046.9306896714525
2002-06-24,
2002-06-25,1870.6821403658016
2002-06-26,
2002-06-27,
2002-06-28,
2002-06-29,
2002-06-30,2606.1535499988977
2002-07-01,1870.6821403658016
2002-07-02,2606.1535499988977
2002-07-03,7046.9306896714525
2002-07-04,3630.7805477010174
2002-07-05,
2002-07-06,19054.607179632523
2002-07-07,9817.479430199863
2002-07-08,3630.7805477010174
2002-07-09,1870.6821403658016
2002-07-10,2606.1535499988977
2002-07-11,2606.1535499988977
2002-07-12,
2002-07-13,
2002-07-14,7046.9306896714525
2002-07-15,
2002-07-16,
2002-07-17,1342.764961137864
2002-07-18,1342.764961137864
2002-07-19,2606.1535499988977
2002-07-20,1870.6821403658016
2002-07-21,1870.6821403658016
2002-07-22,7046.9306896714525
2002-07-23,5058.246620031148
2002-07-24,2606.1535499988977
2002-07-25,5058.246620031148
2002-07-26,
2002-07-27,1342.764961137864
2002-07-28,1870.6821403658016
2002-07-29,3630.7805477010174
2002-07-30,1870.6821403658016
2002-07-31,3630.7805477010174
2002-08-01,2606.1535499988977
2002-08-02,1342.764961137864
2002-08-03,
2002-08-04,1870.6821403658016
2002-08-05,1870.6821403658016
2002-08-06,1342.764961137864
2002-08-07,13677.288255958467
2002-08-08,3630.7805477010174
2002-08-09,
2002-08-10,5058.246620031148
2002-08-11,2606.1535499988977
2002-08-12,1870.6821403658016
2002-08-13,
2002-08-14,2606.1535499988977
2002-08-15,2606.1535499988977
2002-08-16,2606.1535499988977
2002-08-17,7046.9306896714525
2002-08-18,3630.7805477010174
2002-08-19,
2002-08-20,
2002-08-21,
2002-08-22,496.5923214503358
2002-08-23,1870.6821403658016
2002-08-24,1342.764961137864
2002-08-25,2606.1535499988977
2002-08-26,26546.055619755363
2002-08-27,
2002-08-28,
2002-08-29,1870.6821403658016
2002-08-30,1870.6821403658016
2002-08-31,3630.7805477010174
2002-09-01,2606.1535499988977
2002-09-02,496.5923214503358
2002-09-03,2606.1535499988977
2002-09-04,
2002-09-05,496.5923214503358
2002-09-06,963.8290236239706
2002-09-07,496.5923214503358
2002-09-08,2606.1535499988977
2002-09-09,2606.1535499988977
2002-09-10,
2002-09-11,
2002-09-12,
2002-09-13,963.8290236239706
2002-09-14,691.8309709189363
2002-09-15,1870.6821403658016
2002-09-16,3630.7805477010174
2002-09-17,100000.0
2002-09-18,2606.1535499988977
2002-09-19,1870.6821403658016
2002-09-20,1342.764961137864
2002-09-21,963.8290236239706
2002-09-22,7046.9306896714525
2002-09-23,963.8290236239706
2002-09-24,2606.1535499988977
2002-09-25,1342.764961137864
2002-09-26,
2002-09-27,
2002-09-28,963.8290236239706
2002-09-29,1870.6821403658016
2002-09-30,1342.764961137864
2002-10-01,5058.246620031148
2002-10-02,963.8290236239706
2002-10-03,3630.7805477010174
2002-10-04,3630.7805477010174
2002-10-05,1870.6821403658016
2002-10-06,
2002-10-07,2606.1535499988977
2002-10-08,
2002-10-09,9817.479430199863
2002-10-10,1342.764961137864
2002-10-11,2606.1535499988977
2002-10-12,3630.7805477010174
2002-10-13,
2002-10-14,
2002-10-15,496.5923214503358
2002-10-16,1870.6821403658016
2002-10-17,
2002-10-18,1870.6821403658016
2002-10-19,1870.6821403658016
2002-10-20,
2002-10-21,2606.1535499988977
2002-10-22,
2002-10-23,3630.7805477010174
2002-10-24,2606.1535499988977
2002-10-25,963.8290236239706
2002-10-26,
2002-10-27,9817.479430199863
2002-10-28,1870.6821403658016
2002-10-29,2606.1535499988977
2002-10-30,1870.6821403658016
2002-10-31,
2002-11-01,9817.479430199863
2002-11-02,3630.7805477010174
2002-11-03,7046.9306896714525
2002-11-04,
2002-11-05,
2002-11-06,
2002-11-07,
2002-11-08,1870.6821403658016
2002-11-09,
2002-11-10,
2002-11-11,
2002-11-12,
2002-11-13,1870.6821403658016
2002-11-14,1342.764961137864
2002-11-15,3630.7805477010174
2002-11-16,3630.7805477010174
2002-11-17,
2002-11-18,5058.246620031148
2002-11-19,1342.764961137864
2002-11-20,2606.1535499988977
2002-11-21,
2002-11-22,1870.6821403658016
2002-11-23,3630.7805477010174
2002-11-24,963.8290236239706
2002-11-25,5058.246620031148
2002-11-26,1870.6821403658016
2002-11-27,
2002-11-28,1870.6821403658016
2002-11-29,1870.6821403658016
2002-11-30,1342.764961137864
2002-12-01,
2002-12-02,2606.1535499988977
2002-12-03,
2002-12-04,
2002-12-05,1870.6821403658016
2002-12-06,1342.764961137864
2002-12-07,
2002-12-08,
2002-12-09,
2002-12-10,
2002-12-11,2606.1535499988977
2002-12-12,3630.7805477010174
2002-12-13,
2002-12-14,1342.764961137864
2002-12-15,
2002-12-16,963.8290236239706
2002-12-17,496.5923214503358
2002-12-18,
2002-12-19,
2002-12-20,963.8290236239706
2002-12-21,
2002-12-22,3630.7805477010174
2002-12-23,1342.764961137864
2002-12-24,5058.246620031148
2002-12-25,
2002-12-26,
2002-12-27,963.8290236239706
2002-12-28,
2002-12-29,1870.6821403658016
2002-12-30,1342.764961137864
2002-12-31,
2003-01-01,
2003-01-02,
2003-01-03,
2003-01-04,1342.764961137864
2003-01-05,1870.6821403658016
2003-01-06,1870.6821403658016
2003-01-07,1870.6821403658016
2003-01-08,691.8309709189363
2003-01-09,
2003-01-10,
2003-01-11,1342.764961137864
2003-01-12,
2003-01-13,963.8290236239706
2003-01-14,2606.1535499988977
2003-01-15,
2003-01-16,
2003-01-17,1870.6821403658016
2003-01-18,1342.764961137864
2003-01-19,3630.7805477010174
2003-01-20,5058.246620031148
2003-01-21,3630.7805477010174
2003-01-22,
2003-01-23,1870.6821403658016
2003-01-24,
2003-01-25,
2003-01-26,
2003-01-27,
2003-01-28,
2003-01-29,
2003-01-30,7046.9306896714525
2003-01-31,9817.479430199863
2003-02-01,
2003-02-02,
2003-02-03,
2003-02-04,
2003-02-05,
2003-02-06,2606.1535499988977
2003-02-07,
2003-02-08,
2003-02-09,2606.1535499988977
2003-02-10,
2003-02-11,
2003-02-12,
2003-02-13,
2003-02-14,2606.1535499988977
2003-02-15,5058.246620031148
2003-02-16,
2003-02-17,1342.764961137864
2003-02-18,963.8290236239706
2003-02-19,1870.6821403658016
2003-02-20,496.5923214503358
2003-02-21,7046.9306896714525
2003-02-22,2606.1535499988977
2003-02-23,1870.6821403658016
2003-02-24,
2003-02-25,1342.764961137864
2003-02-26,5058.246620031148
2003-02-27,1870.6821403658016
2003-02-28,3630.7805477010174
2003-03-01,1870.6821403658016
2003-03-02,1342.764961137864
2003-03-03,
2003-03-04,
2003-03-05,1342.764961137864
2003-03-06,
2003-03-07,1342.764961137864
2003-03-08,71779.42912713616
2003-03-09,100000.0
2003-03-10,26546.055619755363
2003-03-11,3630.7805477010174
2003-03-12,963.8290236239706
2003-03-13,1870.6821403658016
2003-03-14,9817.479430199863
2003-03-15,7046.9306896714525
2003-03-16,3630.7805477010174
2003-03-17,
2003-03-18,
2003-03-19,
2003-03-20,963.8290236239706
2003-03-21,2606.1535499988977
2003-03-22,
2003-03-23,963.8290236239706
2003-03-24,691.8309709189363
2003-03-25,3630.7805477010174
2003-03-26,5058.246620031148
2003-03-27,
2003-03-28,691.8309709189363
2003-03-29,
2003-03-30,3630.7805477010174
2003-03-31,1342.764961137864
2003-04-01,139315.6802945298
2003-04-02,9817.479430199863
2003-04-03,3630.7805477010174
2003-04-04,5058.246620031148
2003-04-05,
2003-04-06,3630.7805477010174
2003-04-07,
2003-04-08,
2003-04-09,2606.1535499988977
2003-04-10,1342.764961137864
2003-04-11,
2003-04-12,2606.1535499988977
2003-04-13,5058.246620031148
2003-04-14,
2003-04-15,
2003-04-16,2606.1535499988977
2003-04-17,
2003-04-18,
2003-04-19,963.8290236239706
2003-04-20,
2003-04-21,496.5923214503358
2003-04-22,5058.246620031148
2003-04-23,5058.246620031148
2003-04-24,1342.764961137864
2003-04-25,
2003-04-26,7046.9306896714525
2003-04-27,
2003-04-28,1870.6821403658016
2003-04-29,5058.246620031148
2003-04-30,1870.6821403658016
2003-05-01,
2003-05-02,1870.6821403658016
2003-05-03,9817.479430199863
2003-05-04,
2003-05-05,
2003-05-06,
2003-05-07,
2003-05-08,963.8290236239706
2003-05-09,1342.764961137864
2003-05-10,1870.6821403658016
2003-05-11,2606.1535499988977
2003-05-12,1870.6821403658016
2003-05-13,1342.764961137864
2003-05-14,963.8290236239706
2003-05-15,496.5923214503358
2003-05-16,3630.7805477010174
2003-05-17,3630.7805477010174
2003-05-18,1870.6821403658016
2003-05-19,
2003-05-20,1342.764961137864
2003-05-21,524807.4602497712
2003-05-22,
2003-05-23,1870.6821403658016
2003-05-24,
2003-05-25,691.8309709189363
2003-05-26,7046.9306896714525
2003-05-27,51522.86445817562
2003-05-28,
2003-05-29,1342.764961137864
2003-05-30,3630.7805477010174
2003-05-31,
2003-06-01,
2003-06-02,1870.6821403658016
2003-06-03,3630.7805477010174
2003-06-04,
2003-06-05,963.8290236239706
2003-06-06,1870.6821403658016
2003-06-07,7046.9306896714525
2003-06-08,
2003-06-09,1976969.640111858
2003-06-10,1870.6821403658016
2003-06-11,496.5923214503358
2003-06-12,1870.6821403658016
2003-06-13,
2003-06-14,3630.7805477010174
2003-06-15,3630.7805477010174
2003-06-16,963.8290236239706
2003-06-17,
2003-06-18,963.8290236239706
2003-06-19,1342.764961137864
2003-06-20,
2003-06-21,
2003-06-22,
2003-06-23,691.8309709189363
2003-06-24,
2003-06-25,2606.1535499988977
2003-06-26,1870.6821403658016
2003-06-27,
2003-06-28,1870.6821403658016
2003-06-29,
2003-06-30,5058.246620031148
2003-07-01,5058.246620031148
2003-07-02,691.8309709189363
2003-07-03,7046.9306896714525
2003-07-04,
2003-07-05,139315.6802945298
2003-07-06,28054336.37951716
2003-07-07,9817.479430199863
2003-07-08,1870.6821403658016
2003-07-09,356.4511334262439
2003-07-10,
2003-07-11,356.4511334262439
2003-07-12,1342.764961137864
2003-07-13,100000.0
2003-07-14,1342.764961137864
2003-07-15,
2003-07-16,5058.246620031148
2003-07-17,3630.7805477010174
2003-07-18,
2003-07-19,3630.7805477010174
2003-07-20,36982.81797802674
2003-07-21,1342.764961137864
2003-07-22,13677.288255958467
2003-07-23,19054.607179632523
2003-07-24,7046.9306896714525
2003-07-25,1870.6821403658016
2003-07-26,963.8290236239706
2003-07-27,1870.6821403658016
2003-07-28,1870.6821403658016
2003-07-29,
2003-07-30,2606.1535499988977
2003-07-31,
2003-08-01,7046.9306896714525
2003-08-02,
2003-08-03,
2003-08-04,1870.6821403658016
2003-08-05,3630.7805477010174
2003-08-06,963.8290236239706
2003-08-07,1870.6821403658016
2003-08-08,
2003-08-09,
2003-08-10,
2003-08-11,3630.7805477010174
2003-08-12,
2003-08-13,
2003-08-14,1870.6821403658016
2003-08-15,691.8309709189363
2003-08-16,3630.7805477010174
2003-08-17,1342.764961137864
2003-08-18,2606.1535499988977
2003-08-19,
2003-08-20,1342.764961137864
2003-08-21,
2003-08-22,
2003-08-23,
2003-08-24,
2003-08-25,496.5923214503358
2003-08-26,3630.7805477010174
2003-08-27,3630.7805477010174
2003-08-28,
2003-08-29,
2003-08-30,496.5923214503358
2003-08-31,
2003-09-01,
2003-09-02,
2003-09-03,1870.6821403658016
2003-09-04,
2003-09-05,
2003-09-06,1870.6821403658016
2003-09-07,1342.764961137864
2003-09-08,
2003-09-09,
2003-09-10,
2003-09-11,1870.6821403658016
2003-09-12,3630.7805477010174
2003-09-13,1342.764961137864
2003-09-14,963.8290236239706
2003-09-15,7046.9306896714525
2003-09-16,
2003-09-17,1342.764961137864
2003-09-18,3630.7805477010174
2003-09-19,5058.246620031148
2003-09-20,1870.6821403658016
2003-09-21,
2003-09-22,1342.764961137864
2003-09-23,691.8309709189363
2003-09-24,2606.1535499988977
2003-09-25,
2003-09-26,
2003-09-27,2606.1535499988977
2003-09-28,963.8290236239706
2003-09-29,
2003-09-30,1342.764961137864
2003-10-01,1870.6821403658016
2003-10-02,2606.1535499988977
2003-10-03,1870.6821403658016
2003-10-04,496.5923214503358
2003-10-05,7046.9306896714525
2003-10-06,1870.6821403658016
2003-10-07,
2003-10-08,
2003-10-09,1870.6821403658016
2003-10-10,691.8309709189363
2003-10-11,496.5923214503358
2003-10-12,1870.6821403658016
2003-10-13,963.8290236239706
2003-10-14,
2003-10-15,5058.246620031148
2003-10-16,
2003-10-17,255.8585886905653
2003-10-18,1870.6821403658016
2003-10-19,
2003-10-20,691.8309709189363
2003-10-21,
2003-10-22,1870.6821403658016
2003-10-23,
2003-10-24,1870.6821403658016
2003-10-25,2606.1535499988977
2003-10-26,
2003-10-27,1870.6821403658016
2003-10-28,
2003-10-29,1870.6821403658016
2003-10-30,
2003-10-31,963.8290236239706
2003-11-01,1342.764961137864
2003-11-02,7046.9306896714525
2003-11-03,
2003-11-04,963.8290236239706
2003-11-05,
2003-11-06,
2003-11-07,
2003-11-08,
2003-11-09,
2003-11-10,3630.7805477010174
2003-11-11,
2003-11-12,
2003-11-13,
2003-11-14,
2003-11-15,
2003-11-16,
2003-11-17,
2003-11-18,691.8309709189363
2003-11-19,1342.764961137864
2003-11-20,691.8309709189363
2003-11-21,691.8309709189363
2003-11-22,2606.1535499988977
2003-11-23,963.8290236239706
2003-11-24,
2003-11-25,7046.9306896714525
2003-11-26,
2003-11-27,963.8290236239706
2003-11-28,691.8309709189363
2003-11-29,1342.764961137864
2003-11-30,963.8290236239706
2003-12-01,
2003-12-02,
2003-12-03,
2003-12-04,963.8290236239706
2003-12-05,
2003-12-06,2606.1535499988977
2003-12-07,1870.6821403658016
2003-12-08,963.8290236239706
2003-12-09,2606.1535499988977
2003-12-10,963.8290236239706
2003-12-11,2606.1535499988977
2003-12-12,1342.764961137864
2003-12-13,1342.764961137864
2003-12-14,2606.1535499988977
2003-12-15,1342.764961137864
2003-12-16,7046.9306896714525
2003-12-17,
2003-12-18,496.5923214503358
2003-12-19,
2003-12-20,963.8290236239706
2003-12-21,691.8309709189363
2003-12-22,1870.6821403658016
2003-12-23,2606.1535499988977
2003-12-24,1342.764961137864
2003-12-25,
2003-12-26,
2003-12-27,963.8290236239706
2003-12-28,
2003-12-29,963.8290236239706
2003-12-30,963.8290236239706
2003-12-31,2606.1535499988977
2004-01-01,5058.246620031148
2004-01-02,2606.1535499988977
2004-01-03,1870.6821403658016
2004-01-04,1342.764961137864
2004-01-05,496.5923214503358
2004-01-06,3630.7805477010174
2004-01-07,
2004-01-08,
2004-01-09,1870.6821403658016
2004-01-10,2606.1535499988977
2004-01-11,
2004-01-12,1870.6821403658016
2004-01-13,
2004-01-14,1870.6821403658016
2004-01-15,
2004-01-16,2606.1535499988977
2004-01-17,1342.764961137864
2004-01-18,1342.764961137864
2004-01-19,
2004-01-20,1342.764961137864
2004-01-21,691.8309709189363
2004-01-22,
2004-01-23,
2004-01-24,
2004-01-25,
2004-01-26,
2004-01-27,1342.764961137864
2004-01-28,
2004-01-29,19054.607179632523
2004-01-30,
2004-01-31,5058.246620031148
2004-02-01,
2004-02-02,
2004-02-03,963.8290236239706
2004-02-04,
2004-02-05,
2004-02-06,496.5923214503358
2004-02-07,691.8309709189363
2004-02-08,
2004-02-09,
2004-02-10,691.8309709189363
2004-02-11,496.5923214503358
2004-02-12,1342.764961137864
2004-02-13,
2004-02-14,
2004-02-15,1870.6821403658016
2004-02-16,
2004-02-17,963.8290236239706
2004-02-18,1870.6821403658016
2004-02-19,1870.6821403658016
2004-02-20,496.5923214503358
2004-02-21,
2004-02-22,3630.7805477010174
2004-02-23,356.4511334262439
2004-02-24,1342.764961137864
2004-02-25,963.8290236239706
2004-02-26,2606.1535499988977
2004-02-27,
2004-02-28,
2004-02-29,
2004-03-01,
2004-03-02,2606.1535499988977
2004-03-03,1870.6821403658016
2004-03-04,
2004-03-05,
2004-03-06,2606.1535499988977
2004-03-07,2606.1535499988977
2004-03-08,
2004-03-09,691.8309709189363
2004-03-10,1342.764961137864
2004-03-11,691.8309709189363
2004-03-12,1870.6821403658016
2004-03-13,
2004-03-14,
2004-03-15,1870.6821403658016
2004-03-16,
2004-03-17,2606.1535499988977
2004-03-18,
2004-03-19,691.8309709189363
2004-03-20,963.8290236239706
2004-03-21,
2004-03-22,496.5923214503358
2004-03-23,963.8290236239706
2004-03-24,1870.6821403658016
2004-03-25,2606.1535499988977
2004-03-26,71779.42912713616
2004-03-27,
2004-03-28,
2004-03-29,3630.7805477010174
2004-03-30,963.8290236239706
2004-03-31,691.8309709189363
2004-04-01,1342.764961137864
2004-04-02,1870.6821403658016
2004-04-03,
2004-04-04,
2004-04-05,2606.1535499988977
2004-04-06,1870.6821403658016
2004-04-07,7046.9306896714525
2004-04-08,
2004-04-09,963.8290236239706
2004-04-10,
2004-04-11,
2004-04-12,
2004-04-13,963.8290236239706
2004-04-14,2606.1535499988977
2004-04-15,1342.764961137864
2004-04-16,5058.246620031148
2004-04-17,963.8290236239706
2004-04-18,3630.7805477010174
2004-04-19,139315.6802945298
2004-04-20,5058.246620031148
2004-04-21,1342.764961137864
2004-04-22,1342.764961137864
2004-04-23,963.8290236239706
2004-04-24,
2004-04-25,5058.246620031148
2004-04-26,
2004-04-27,
2004-04-28,963.8290236239706
2004-04-29,691.8309709189363
2004-04-30,1342.764961137864
2004-05-01,
2004-05-02,1342.764961137864
2004-05-03,1342.764961137864
2004-05-04,1870.6821403658016
2004-05-05,
2004-05-06,2606.1535499988977
2004-05-07,
2004-05-08,1870.6821403658016
2004-05-09,2606.1535499988977
2004-05-10,7046.9306896714525
2004-05-11,1870.6821403658016
2004-05-12,1342.764961137864
2004-05-13,2606.1535499988977
2004-05-14,
2004-05-15,
2004-05-16,270395.8364108835
2004-05-17,1870.6821403658016
2004-05-18,2606.1535499988977
2004-05-19,1870.6821403658016
2004-05-20,963.8290236239706
2004-05-21,1870.6821403658016
2004-05-22,2606.1535499988977
2004-05-23,1870.6821403658016
2004-05-24,1870.6821403658016
2004-05-25,36982.81797802674
2004-05-26,
2004-05-27,1342.764961137864
2004-05-28,5058.246620031148
2004-05-29,
2004-05-30,1870.6821403658016
2004-05-31,100000.0
2004-06-01,
2004-06-02,1870.6821403658016
2004-06-03,963.8290236239706
2004-06-04,
2004-06-05,1870.6821403658016
2004-06-06,7046.9306896714525
2004-06-07,5058.246620031148
2004-06-08,963.8290236239706
2004-06-09,5058.246620031148
2004-06-10,
2004-06-11,
2004-06-12,3630.7805477010174
2004-06-13,
2004-06-14,
2004-06-15,2606.1535499988977
2004-06-16,963.8290236239706
2004-06-17,963.8290236239706
2004-06-18,
2004-06-19,
2004-06-20,2606.1535499988977
2004-06-21,9817.479430199863
2004-06-22,1342.764961137864
2004-06-23,
2004-06-24,7046.9306896714525
2004-06-25,1870.6821403658016
2004-06-26,2606.1535499988977
2004-06-27,524807.4602497712
2004-06-28,26546.055619755363
2004-06-29,13677.288255958467
2004-06-30,26546.055619755363
2004-07-01,71779.42912713616
2004-07-02,
2004-07-03,5058.246620031148
2004-07-04,1342.764961137864
2004-07-05,963.8290236239706
2004-07-06,1870.6821403658016
2004-07-07,496.5923214503358
2004-07-08,963.8290236239706
2004-07-09,5058.246620031148
2004-07-10,5058.246620031148
2004-07-11,19054.607179632523
2004-07-12,1342.764961137864
2004-07-13,1870.6821403658016
2004-07-14,963.8290236239706
2004-07-15,963.8290236239706
2004-07-16,
2004-07-17,2606.1535499988977
2004-07-18,691.8309709189363
2004-07-19,
2004-07-20,
2004-07-21,2606.1535499988977
2004-07-22,2606.1535499988977
2004-07-23,
2004-07-24,1870.6821403658016
2004-07-25,2606.1535499988977
2004-07-26,5058.246620031148
2004-07-27,2606.1535499988977
2004-07-28,
2004-07-29,5058.246620031148
2004-07-30,2606.1535499988977
2004-07-31,2606.1535499988977
2004-08-01,
2004-08-02,1870.6821403658016
2004-08-03,1870.6821403658016
2004-08-04,2606.1535499988977
2004-08-05,2606.1535499988977
2004-08-06,963.8290236239706
2004-08-07,
2004-08-08,
2004-08-09,5058.246620031148
2004-08-10,
2004-08-11,691.8309709189363
2004-08-12,1342.764961137864
2004-08-13,194088.58775927793
2004-08-14,
2004-08-15,3630.7805477010174
2004-08-16,9817.479430199863
2004-08-17,2606.1535499988977
2004-08-18,691.8309709189363
2004-08-19,
2004-08-20,1870.6821403658016
2004-08-21,2606.1535499988977
2004-08-22,
2004-08-23,
2004-08-24,
2004-08-25,1870.6821403658016
2004-08-26,1870.6821403658016
2004-08-27,1870.6821403658016
2004-08-28,1342.764961137864
2004-08-29,1342.764961137864
2004-08-30,496.5923214503358
2004-08-31,5058.246620031148
2004-09-01,1342.764961137864
2004-09-02,2606.1535499988977
2004-09-03,1342.764961137864
2004-09-04,
2004-09-05,
2004-09-06,
2004-09-07,
2004-09-08,3630.7805477010174
2004-09-09,1870.6821403658016
2004-09-10,
2004-09-11,
2004-09-12,
2004-09-13,71779.42912713616
2004-09-14,963.8290236239706
2004-09-15,
2004-09-16,1342.764961137864
2004-09-17,1870.6821403658016
2004-09-18,2606.1535499988977
2004-09-19,1342.764961137864
2004-09-20,
2004-09-21,
2004-09-22,963.8290236239706
2004-09-23,496.5923214503358
2004-09-24,9817.479430199863
2004-09-25,
2004-09-26,963.8290236239706
2004-09-27,963.8290236239706
2004-09-28,1342.764961137864
2004-09-29,100000.0
2004-09-30,1870.6821403658016
2004-10-01,963.8290236239706
2004-10-02,
2004-10-03,2606.1535499988977
2004-10-04,2606.1535499988977
2004-10-05,1870.6821403658016
2004-10-06,1342.764961137864
2004-10-07,2606.1535499988977
2004-10-08,
2004-10-09,7046.9306896714525
2004-10-10,7046.9306896714525
2004-10-11,36982.81797802674
2004-10-12,
2004-10-13,7046.9306896714525
2004-10-14,
2004-10-15,1870.6821403658016
2004-10-16,
2004-10-17,
2004-10-18,1870.6821403658016
2004-10-19,2606.1535499988977
2004-10-20,1342.764961137864
2004-10-21,1870.6821403658016
2004-10-22,2606.1535499988977
2004-10-23,1342.764961137864
2004-10-24,3630.7805477010174
2004-10-25,691.8309709189363
2004-10-26,
2004-10-27,
2004-10-28,
2004-10-29,1870.6821403658016
2004-10-30,1870.6821403658016
2004-10-31,
2004-11-01,
2004-11-02,
2004-11-03,13677.288255958467
2004-11-04,
2004-11-05,2606.1535499988977
2004-11-06,3630.7805477010174
2004-11-07,1870.6821403658016
2004-11-08,
2004-11-09,3630.7805477010174
2004-11-10,963.8290236239706
2004-11-11,963.8290236239706
2004-11-12,1870.6821403658016
2004-11-13,
2004-11-14,
2004-11-15,
2004-11-16,
2004-11-17,
2004-11-18,
2004-11-19,1342.764961137864
2004-11-20,1870.6821403658016
2004-11-21,1870.6821403658016
2004-11-22,
2004-11-23,1870.6821403658016
2004-11-24,1870.6821403658016
2004-11-25,1342.764961137864
2004-11-26,5058.246620031148
2004-11-27,1870.6821403658016
2004-11-28,1870.6821403658016
2004-11-29,3630.7805477010174
2004-11-30,2606.1535499988977
2004-12-01,1870.6821403658016
2004-12-02,3630.7805477010174
2004-12-03,3630.7805477010174
2004-12-04,3630.7805477010174
2004-12-05,2606.1535499988977
2004-12-06,963.8290236239706
2004-12-07,
2004-12-08,1342.764961137864
2004-12-09,5058.246620031148
2004-12-10,
2004-12-11,1870.6821403658016
2004-12-12,
2004-12-13,
2004-12-14,
2004-12-15,51522.86445817562
2004-12-16,3630.7805477010174
2004-12-17,
2004-12-18,5058.246620031148
2004-12-19,2606.1535499988977
2004-12-20,26546.055619755363
2004-12-21,2606.1535499988977
2004-12-22,
2004-12-23,3630.7805477010174
2004-12-24,2606.1535499988977
2004-12-25,2606.1535499988977
2004-12-26,
2004-12-27,
2004-12-28,1342.764961137864
2004-12-29,2606.1535499988977
2004-12-30,
2004-12-31,3630.7805477010174
2005-01-01,
2005-01-02,1870.6821403658016
2005-01-03,2606.1535499988977
2005-01-04,
2005-01-05,1870.6821403658016
2005-01-06,3630.7805477010174
2005-01-07,
2005-01-08,1870.6821403658016
2005-01-09,2606.1535499988977
2005-01-10,2606.1535499988977
2005-01-11,2606.1535499988977
2005-01-12,691.8309709189363
2005-01-13,5058.246620031148
2005-01-14,
2005-01-15,
2005-01-16,36982.81797802674
2005-01-17,
2005-01-18,
2005-01-19,3630.7805477010174
2005-01-20,
2005-01-21,
2005-01-22,
2005-01-23,
2005-01-24,1342.764961137864
2005-01-25,
2005-01-26,496.5923214503358
2005-01-27,
2005-01-28,1342.764961137864
2005-01-29,3630.7805477010174
2005-01-30,7046.9306896714525
2005-01-31,1870.6821403658016
2005-02-01,691.8309709189363
2005-02-02,
2005-02-03,1870.6821403658016
2005-02-04,
2005-02-05,
2005-02-06,
2005-02-07,
2005-02-08,
2005-02-09,
2005-02-10,1870.6821403658016
2005-02-11,5058.246620031148
2005-02-12,
2005-02-13,
2005-02-14,
2005-02-15,5058.246620031148
2005-02-16,3630.7805477010174
2005-02-17,
2005-02-18,2606.1535499988977
2005-02-19,
2005-02-20,13677.288255958467
2005-02-21,1342.764961137864
2005-02-22,13677.288255958467
2005-02-23,5058.246620031148
2005-02-24,1870.6821403658016
2005-02-25,2606.1535499988977
2005-02-26,
2005-02-27,1342.764961137864
2005-02-28,
2005-03-01,1342.764961137864
2005-03-02,
2005-03-03,
2005-03-04,5058.246620031148
2005-03-05,
2005-03-06,
2005-03-07,
2005-03-08,3630.7805477010174
2005-03-09,5058.246620031148
2005-03-10,7046.9306896714525
2005-03-11,7046.9306896714525
2005-03-12,3630.7805477010174
2005-03-13,963.8290236239706
2005-03-14,1342.764961137864
2005-03-15,7046.9306896714525
2005-03-16,7046.9306896714525
2005-03-17,
2005-03-18,
2005-03-19,
2005-03-20,
2005-03-21,
2005-03-22,
2005-03-23,1870.6821403658016
2005-03-24,
2005-03-25,691.8309709189363
2005-03-26,
2005-03-27,36982.81797802674
2005-03-28,3630.7805477010174
2005-03-29,1342.764961137864
2005-03-30,
2005-03-31,
2005-04-01,
2005-04-02,
2005-04-03,
2005-04-04,13677.288255958467
2005-04-05,1870.6821403658016
2005-04-06,
2005-04-07,1870.6821403658016
2005-04-08,
2005-04-09,2606.1535499988977
2005-04-10,
2005-04-11,
2005-04-12,
2005-04-13,
2005-04-14,
2005-04-15,
2005-04-16,2606.1535499988977
2005-04-17,
2005-04-18,1342.764961137864
2005-04-19,
2005-04-20,1870.6821403658016
2005-04-21,963.8290236239706
2005-04-22,1870.6821403658016
2005-04-23,
2005-04-24,
2005-04-25,3630.7805477010174
2005-04-26,2606.1535499988977
2005-04-27,1870.6821403658016
2005-04-28,3630.7805477010174
2005-04-29,
2005-04-30,7046.9306896714525
2005-05-01,
2005-05-02,
2005-05-03,963.8290236239706
2005-05-04,5058.246620031148
2005-05-05,2606.1535499988977
2005-05-06,3630.7805477010174
2005-05-07,
2005-05-08,1342.764961137864
2005-05-09,1870.6821403658016
2005-05-10,2606.1535499988977
2005-05-11,2606.1535499988977
2005-05-12,3630.7805477010174
2005-05-13,26546.055619755363
2005-05-14,
2005-05-15,
2005-05-16,1342.764961137864
2005-05-17,
2005-05-18,2606.1535499988977
2005-05-19,
2005-05-20,1342.764961137864
2005-05-21,963.8290236239706
2005-05-22,3630.7805477010174
2005-05-23,3630.7805477010174
2005-05-24,9817.479430199863
2005-05-25,1870.6821403658016
2005-05-26,
2005-05-27,13677.288255958467
2005-05-28,1342.764961137864
2005-05-29,963.8290236239706
2005-05-30,3630.7805477010174
2005-05-31,1870.6821403658016
2005-06-01,7046.9306896714525
2005-06-02,3630.7805477010174
2005-06-03,5058.246620031148
2005-06-04,
2005-06-05,
2005-06-06,1342.764961137864
2005-06-07,
2005-06-08,963.8290236239706
2005-06-09,963.8290236239706
2005-06-10,1870.6821403658016
2005-06-11,1342.764961137864
2005-06-12,1870.6821403658016
2005-06-13,1870.6821403658016
2005-06-14,2606.1535499988977
2005-06-15,1870.6821403658016
2005-06-16,1342.764961137864
2005-06-17,7046.9306896714525
2005-06-18,1342.764961137864
2005-06-19,
2005-06-20,2606.1535499988977
2005-06-21,
2005-06-22,2606.1535499988977
2005-06-23,1870.6821403658016
2005-06-24,1342.764961137864
2005-06-25,
2005-06-26,5058.246620031148
2005-06-27,26546.055619755363
2005-06-28,
2005-06-29,1870.6821403658016
2005-06-30,
2005-07-01,2606.1535499988977
2005-07-02,7046.9306896714525
2005-07-03,
2005-07-04,
2005-07-05,
2005-07-06,19054.607179632523
2005-07-07,1342.764961137864
2005-07-08,7046.9306896714525
2005-07-09,
2005-07-10,3630.7805477010174
2005-07-11,1870.6821403658016
2005-07-12,
2005-07-13,3630.7805477010174
2005-07-14,
2005-07-15,
2005-07-16,
2005-07-17,1342.764961137864
2005-07-18,3630.7805477010174
2005-07-19,1870.6821403658016
2005-07-20,3630.7805477010174
2005-07-21,1870.6821403658016
2005-07-22,1870.6821403658016
2005-07-23,9817.479430199863
2005-07-24,
2005-07-25,1870.6821403658016
2005-07-26,963.8290236239706
2005-07-27,
2005-07-28,1342.764961137864
2005-07-29,
2005-07-30,
2005-07-31,691.8309709189363
2005-08-01,
2005-08-02,5058.246620031148
2005-08-03,
2005-08-04,
2005-08-05,
2005-08-06,2606.1535499988977
2005-08-07,
2005-08-08,
2005-08-09,
2005-08-10,
2005-08-11,1870.6821403658016
2005-08-12,
2005-08-13,
2005-08-14,13677.288255958467
2005-08-15,1342.764961137864
2005-08-16,5058.246620031148
2005-08-17,2606.1535499988977
2005-08-18,7046.9306896714525
2005-08-19,9817.479430199863
2005-08-20,19054.607179632523
2005-08-21,7046.9306896714525
2005-08-22,1870.6821403658016
2005-08-23,1342.764961137864
2005-08-24,
2005-08-25,2606.1535499988977
2005-08-26,2606.1535499988977
2005-08-27,2606.1535499988977
2005-08-28,1870.6821403658016
2005-08-29,
2005-08-30,
2005-08-31,
2005-09-01,
2005-09-02,2606.1535499988977
2005-09-03,1870.6821403658016
2005-09-04,
2005-09-05,
2005-09-06,
2005-09-07,13677.288255958467
2005-09-08,5058.246620031148
2005-09-09,
2005-09-10,2606.1535499988977
2005-09-11,
2005-09-12,2606.1535499988977
2005-09-13,3630.7805477010174
2005-09-14,
2005-09-15,
2005-09-16,
2005-09-17,
2005-09-18,963.8290236239706
2005-09-19,
2005-09-20,
2005-09-21,1342.764961137864
2005-09-22,
2005-09-23,1870.6821403658016
2005-09-24,2606.1535499988977
2005-09-25,1342.764961137864
2005-09-26,1342.764961137864
2005-09-27,
2005-09-28,
2005-09-29,2606.1535499988977
2005-09-30,
2005-10-01,2606.1535499988977
2005-10-02,963.8290236239706
2005-10-03,
2005-10-04,
2005-10-05,
2005-10-06,3630.7805477010174
2005-10-07,
2005-10-08,7046.9306896714525
2005-10-09,
2005-10-10,
2005-10-11,
2005-10-12,
2005-10-13,2606.1535499988977
2005-10-14,5058.246620031148
2005-10-15,1870.6821403658016
2005-10-16,
2005-10-17,1870.6821403658016
2005-10-18,1342.764961137864
2005-10-19,
2005-10-20,
2005-10-21,
2005-10-22,
2005-10-23,5058.246620031148
2005-10-24,5058.246620031148
2005-10-25,1870.6821403658016
2005-10-26,
2005-10-27,963.8290236239706
2005-10-28,
2005-10-29,
2005-10-30,963.8290236239706
2005-10-31,
2005-11-01,1342.764961137864
2005-11-02,3630.7805477010174
2005-11-03,7046.9306896714525
2005-11-04,139315.6802945298
2005-11-05,
2005-11-06,
2005-11-07,
2005-11-08,691.8309709189363
2005-11-09,
2005-11-10,
2005-11-11,
2005-11-12,
2005-11-13,963.8290236239706
2005-11-14,
2005-11-15,963.8290236239706
2005-11-16,
2005-11-17,
2005-11-18,
2005-11-19,
2005-11-20,3630.7805477010174
2005-11-21,
2005-11-22,3630.7805477010174
2005-11-23,2606.1535499988977
2005-11-24,
2005-11-25,
2005-11-26,9817.479430199863
2005-11-27,1870.6821403658016
2005-11-28,
2005-11-29,1342.764961137864
2005-11-30,
2005-12-01,5058.246620031148
2005-12-02,
2005-12-03,3630.7805477010174
2005-12-04,691.8309709189363
2005-12-05,2606.1535499988977
2005-12-06,1342.764961137864
2005-12-07,1342.764961137864
2005-12-08,
2005-12-09,71779.42912713616
2005-12-10,
2005-12-11,1342.764961137864
2005-12-12,
2005-12-13,1870.6821403658016
2005-12-14,1870.6821403658016
2005-12-15,3630.7805477010174
2005-12-16,1870.6821403658016
2005-12-17,
2005-12-18,
2005-12-19,
2005-12-20,7046.9306896714525
2005-12-21,
2005-12-22,1870.6821403658016
2005-12-23,
2005-12-24,2606.1535499988977
2005-12-25,
2005-12-26,1870.6821403658016
2005-12-27,
2005-12-28,691.8309709189363
2005-12-29,
2005-12-30,
2005-12-31,
2006-01-01,1342.764961137864
2006-01-02,1870.6821403658016
2006-01-03,
2006-01-04,
2006-01-05,1870.6821403658016
2006-01-06,
2006-01-07,
2006-01-08,1342.764961137864
2006-01-09,
2006-01-10,963.8290236239706
2006-01-11,963.8290236239706
2006-01-12,
2006-01-13,7046.9306896714525
2006-01-14,
2006-01-15,963.8290236239706
2006-01-16,2606.1535499988977
2006-01-17,3630.7805477010174
2006-01-18,7046.9306896714525
2006-01-19,963.8290236239706
2006-01-20,1342.764961137864
2006-01-21,
2006-01-22,1342.764961137864
2006-01-23,
2006-01-24,
2006-01-25,
2006-01-26,
2006-01-27,
2006-01-28,
2006-01-29,
2006-01-30,
2006-01-31,
2006-02-01,
2006-02-02,1342.764961137864
2006-02-03,3630.7805477010174
2006-02-04,3630.7805477010174
2006-02-05,
2006-02-06,2606.1535499988977
2006-02-07,1870.6821403658016
2006-02-08,731139.0834834187
2006-02-09,
2006-02-10,19054.607179632523
2006-02-11,691.8309709189363
2006-02-12,51522.86445817562
2006-02-13,
2006-02-14,3630.7805477010174
2006-02-15,963.8290236239706
2006-02-16,1342.764961137864
2006-02-17,
2006-02-18,
2006-02-19,
2006-02-20,
2006-02-21,3630.7805477010174
2006-02-22,1342.764961137864
2006-02-23,1870.6821403658016
2006-02-24,
2006-02-25,
2006-02-26,1870.6821403658016
2006-02-27,1870.6821403658016
2006-02-28,
2006-03-01,691.8309709189363
2006-03-02,1870.6821403658016
2006-03-03,1870.6821403658016
2006-03-04,963.8290236239706
2006-03-05,
2006-03-06,
2006-03-07,1342.764961137864
2006-03-08,963.8290236239706
2006-03-09,
2006-03-10,
2006-03-11,3630.7805477010174
2006-03-12,
2006-03-13,2606.1535499988977
2006-03-14,1342.764961137864
2006-03-15,3630.7805477010174
2006-03-16,5058.246620031148
2006-03-17,
2006-03-18,691.8309709189363
2006-03-19,
2006-03-20,1342.764961137864
2006-03-21,
2006-03-22,1342.764961137864
2006-03-23,
2006-03-24,
2006-03-25,2606.1535499988977
2006-03-26,
2006-03-27,
2006-03-28,19054.607179632523
2006-03-29,
2006-03-30,691.8309709189363
2006-03-31,
2006-04-01,1342.764961137864
2006-04-02,2606.1535499988977
2006-04-03,1342.764961137864
2006-04-04,1870.6821403658016
2006-04-05,1870.6821403658016
2006-04-06,
2006-04-07,
2006-04-08,691.8309709189363
2006-04-09,
2006-04-10,1870.6821403658016
2006-04-11,1342.764961137864
2006-04-12,
2006-04-13,2606.1535499988977
2006-04-14,2606.1535499988977
2006-04-15,2606.1535499988977
2006-04-16,5058.246620031148
2006-04-17,3630.7805477010174
2006-04-18,
2006-04-19,7046.9306896714525
2006-04-20,
2006-04-21,1342.764961137864
2006-04-22,
2006-04-23,
2006-04-24,1870.6821403658016
2006-04-25,
2006-04-26,
2006-04-27,1870.6821403658016
2006-04-28,
2006-04-29,1342.764961137864
2006-04-30,
2006-05-01,
2006-05-02,1342.764961137864
2006-05-03,
2006-05-04,2606.1535499988977
2006-05-05,1342.764961137864
2006-05-06,963.8290236239706
2006-05-07,1342.764961137864
2006-05-08,
2006-05-09,691.8309709189363
2006-05-10,
2006-05-11,3630.7805477010174
2006-05-12,963.8290236239706
2006-05-13,
2006-05-14,
2006-05-15,
2006-05-16,1342.764961137864
2006-05-17,1870.6821403658016
2006-05-18,963.8290236239706
2006-05-19,
2006-05-20,
2006-05-21,5058.246620031148
2006-05-22,1342.764961137864
2006-05-23,963.8290236239706
2006-05-24,2606.1535499988977
2006-05-25,963.8290236239706
2006-05-26,
2006-05-27,1342.764961137864
2006-05-28,1342.764961137864
2006-05-29,5058.246620031148
2006-05-30,
2006-05-31,
2006-06-01,1342.764961137864
2006-06-02,2606.1535499988977
2006-06-03,963.8290236239706
2006-06-04,
2006-06-05,1870.6821403658016
2006-06-06,
2006-06-07,
2006-06-08,
2006-06-09,1870.6821403658016
2006-06-10,
2006-06-11,
2006-06-12,5058.246620031148
2006-06-13,1870.6821403658016
2006-06-14,
2006-06-15,963.8290236239706
2006-06-16,
2006-06-17,1342.764961137864
2006-06-18,9817.479430199863
2006-06-19,
2006-06-20,963.8290236239706
2006-06-21,963.8290236239706
2006-06-22,
2006-06-23,
2006-06-24,
2006-06-25,
2006-06-26,1342.764961137864
2006-06-27,2606.1535499988977
2006-06-28,2606.1535499988977
2006-06-29,
2006-06-30,
2006-07-01,
2006-07-02,
2006-07-03,
2006-07-04,
2006-07-05,
2006-07-06,
2006-07-07,
2006-07-08,
2006-07-09,
2006-07-10,1342.764961137864
2006-07-11,
2006-07-12,1342.764961137864
2006-07-13,
2006-07-14,1870.6821403658016
2006-07-15,
2006-07-16,
2006-07-17,
2006-07-18,3630.7805477010174
2006-07-19,1870.6821403658016
2006-07-20,1342.764961137864
2006-07-21,
2006-07-22,
2006-07-23,963.8290236239706
2006-07-24,
2006-07-25,1342.764961137864
2006-07-26,2606.1535499988977
2006-07-27,3630.7805477010174
2006-07-28,1870.6821403658016
2006-07-29,
2006-07-30,2606.1535499988977
2006-07-31,
2006-08-01,5058.246620031148
2006-08-02,
2006-08-03,1870.6821403658016
2006-08-04,
2006-08-05,963.8290236239706
2006-08-06,
2006-08-07,3630.7805477010174
2006-08-08,3630.7805477010174
2006-08-09,1870.6821403658016
2006-08-10,
2006-08-11,963.8290236239706
2006-08-12,
2006-08-13,
2006-08-14,963.8290236239706
2006-08-15,963.8290236239706
2006-08-16,
2006-08-17,1342.764961137864
2006-08-18,
2006-08-19,
2006-08-20,
2006-08-21,
2006-08-22,
2006-08-23,
2006-08-24,
2006-08-25,
2006-08-26,
2006-08-27,2606.1535499988977
2006-08-28,
2006-08-29,1342.764961137864
2006-08-30,
2006-08-31,
2006-09-01,
2006-09-02,
2006-09-03,
2006-09-04,
2006-09-05,
2006-09-06,
2006-09-07,
2006-09-08,
2006-09-09,
2006-09-10,
2006-09-11,
2006-09-12,5058.246620031148
2006-09-13,
2006-09-14,
2006-09-15,
2006-09-16,5058.246620031148
2006-09-17,
2006-09-18,
2006-09-19,1342.764961137864
2006-09-20,963.8290236239706
2006-09-21,
2006-09-22,1870.6821403658016
2006-09-23,
2006-09-24,
2006-09-25,5058.246620031148
2006-09-26,1870.6821403658016
2006-09-27,1342.764961137864
2006-09-28,
2006-09-29,1870.6821403658016
2006-09-30,1870.6821403658016
2006-10-01,1870.6821403658016
2006-10-02,
2006-10-03,1342.764961137864
2006-10-04,
2006-10-05,3630.7805477010174
2006-10-06,3630.7805477010174
2006-10-07,2606.1535499988977
2006-10-08,
2006-10-09,1870.6821403658016
2006-10-10,
2006-10-11,
2006-10-12,19054.607179632523
2006-10-13,1342.764961137864
2006-10-14,1870.6821403658016
2006-10-15,
2006-10-16,
2006-10-17,13677.288255958467
2006-10-18,
2006-10-19,
2006-10-20,5345643.593969714
2006-10-21,13677.288255958467
2006-10-22,1342.764961137864
2006-10-23,3630.7805477010174
2006-10-24,5345643.593969714
2006-10-25,71779.42912713616
2006-10-26,
2006-10-27,1870.6821403658016
2006-10-28,19054.607179632523
2006-10-29,1342.764961137864
2006-10-30,2606.1535499988977
2006-10-31,
2006-11-01,963.8290236239706
2006-11-02,
2006-11-03,3630.7805477010174
2006-11-04,3630.7805477010174
2006-11-05,
2006-11-06,1342.764961137864
2006-11-07,
2006-11-08,
2006-11-09,1342.764961137864
2006-11-10,
2006-11-11,496.5923214503358
2006-11-12,3630.7805477010174
2006-11-13,
2006-11-14,1342.764961137864
2006-11-15,1342.764961137864
2006-11-16,3630.7805477010174
2006-11-17,1342.764961137864
2006-11-18,963.8290236239706
2006-11-19,
2006-11-20,2606.1535499988977
2006-11-21,36982.81797802674
2006-11-22,7046.9306896714525
2006-11-23,
2006-11-24,
2006-11-25,691.8309709189363
2006-11-26,1870.6821403658016
2006-11-27,356.4511334262439
2006-11-28,1342.764961137864
2006-11-29,963.8290236239706
2006-11-30,2606.1535499988977
2006-12-01,
2006-12-02,3630.7805477010174
2006-12-03,
2006-12-04,3630.7805477010174
2006-12-05,5058.246620031148
2006-12-06,
2006-12-07,7046.9306896714525
2006-12-08,1870.6821403658016
2006-12-09,
2006-12-10,
2006-12-11,2606.1535499988977
2006-12-12,2606.1535499988977
2006-12-13,
2006-12-14,691.8309709189363
2006-12-15,1342.764961137864
2006-12-16,
2006-12-17,
2006-12-18,
2006-12-19,270395.8364108835
2006-12-20,1342.764961137864
2006-12-21,
2006-12-22,
2006-12-23,1870.6821403658016
2006-12-24,963.8290236239706
2006-12-25,691.8309709189363
2006-12-26,
2006-12-27,
2006-12-28,1870.6821403658016
2006-12-29,
2006-12-30,963.8290236239706
2006-12-31,963.8290236239706
2007-01-01,
2007-01-02,
2007-01-03,
2007-01-04,1342.764961137864
2007-01-05,1342.764961137864
2007-01-06,
2007-01-07,7046.9306896714525
2007-01-08,5058.246620031148
2007-01-09,1342.764961137864
2007-01-10,
2007-01-11,5058.246620031148
2007-01-12,1342.764961137864
2007-01-13,3630.7805477010174
2007-01-14,13677.288255958467
2007-01-15,7046.9306896714525
2007-01-16,
2007-01-17,
2007-01-18,
2007-01-19,
2007-01-20,
2007-01-21,
2007-01-22,1870.6821403658016
2007-01-23,691.8309709189363
2007-01-24,1870.6821403658016
2007-01-25,5058.246620031148
2007-01-26,1870.6821403658016
2007-01-27,1342.764961137864
2007-01-28,13677.288255958467
2007-01-29,
2007-01-30,2606.1535499988977
2007-01-31,3630.7805477010174
2007-02-01,3630.7805477010174
2007-02-02,356.4511334262439
2007-02-03,1342.764961137864
2007-02-04,963.8290236239706
2007-02-05,5058.246620031148
2007-02-06,19054.607179632523
2007-02-07,691.8309709189363
2007-02-08,1870.6821403658016
2007-02-09,1870.6821403658016
2007-02-10,963.8290236239706
2007-02-11,2606.1535499988977
2007-02-12,1342.764961137864
2007-02-13,
2007-02-14,2606.1535499988977
2007-02-15,
2007-02-16,3630.7805477010174
2007-02-17,1870.6821403658016
2007-02-18,
2007-02-19,1870.6821403658016
2007-02-20,1870.6821403658016
2007-02-21,2606.1535499988977
2007-02-22,2606.1535499988977
2007-02-23,1870.6821403658016
2007-02-24,
2007-02-25,
2007-02-26,
2007-02-27,1870.6821403658016
2007-02-28,
2007-03-01,
2007-03-02,
2007-03-03,
2007-03-04,691.8309709189363
2007-03-05,1870.6821403658016
2007-03-06,963.8290236239706
2007-03-07,2606.1535499988977
2007-03-08,3630.7805477010174
2007-03-09,26546.055619755363
2007-03-10,
2007-03-11,
2007-03-12,
2007-03-13,
2007-03-14,
2007-03-15,
2007-03-16,
2007-03-17,5058.246620031148
2007-03-18,963.8290236239706
2007-03-19,496.5923214503358
2007-03-20,
2007-03-21,
2007-03-22,
2007-03-23,
2007-03-24,
2007-03-25,1342.764961137864
2007-03-26,
2007-03-27,
2007-03-28,691.8309709189363
2007-03-29,2606.1535499988977
2007-03-30,
2007-03-31,496.5923214503358
2007-04-01,
2007-04-02,1870.6821403658016
2007-04-03,1870.6821403658016
2007-04-04,
2007-04-05,7046.9306896714525
2007-04-06,1342.764961137864
2007-04-07,
2007-04-08,1342.764961137864
2007-04-09,
2007-04-10,
2007-04-11,
2007-04-12,
2007-04-13,3630.7805477010174
2007-04-14,
2007-04-15,3630.7805477010174
2007-04-16,963.8290236239706
2007-04-17,963.8290236239706
2007-04-18,1342.764961137864
2007-04-19,963.8290236239706
2007-04-20,
2007-04-21,
2007-04-22,1342.764961137864
2007-04-23,1870.6821403658016
2007-04-24,
2007-04-25,1870.6821403658016
2007-04-26,1342.764961137864
2007-04-27,
2007-04-28,5058.246620031148
2007-04-29,1870.6821403658016
2007-04-30,5058.246620031148
2007-05-01,1342.764961137864
2007-05-02,5058.246620031148
2007-05-03,691.8309709189363
2007-05-04,
2007-05-05,2606.1535499988977
2007-05-06,1342.764961137864
2007-05-07,2606.1535499988977
2007-05-08,9817.479430199863
2007-05-09,5058.246620031148
2007-05-10,2606.1535499988977
2007-05-11,1342.764961137864
2007-05-12,1870.6821403658016
2007-05-13,
2007-05-14,2606.1535499988977
2007-05-15,
2007-05-16,3630.7805477010174
2007-05-17,3630.7805477010174
2007-05-18,2606.1535499988977
2007-05-19,2606.1535499988977
2007-05-20,1342.764961137864
2007-05-21,
2007-05-22,1342.764961137864
2007-05-23,
2007-05-24,1870.6821403658016
2007-05-25,
2007-05-26,1870.6821403658016
2007-05-27,13677.288255958467
2007-05-28,7046.9306896714525
2007-05-29,5058.246620031148
2007-05-30,1870.6821403658016
2007-05-31,963.8290236239706
2007-06-01,1870.6821403658016
2007-06-02,1342.764961137864
2007-06-03,
2007-06-04,
2007-06-05,
2007-06-06,7046.9306896714525
2007-06-07,1870.6821403658016
2007-06-08,
2007-06-09,
2007-06-10,1342.764961137864
2007-06-11,691.8309709189363
2007-06-12,1342.764961137864
2007-06-13,3630.7805477010174
2007-06-14,
2007-06-15,
2007-06-16,3630.7805477010174
2007-06-17,
2007-06-18,
2007-06-19,2606.1535499988977
2007-06-20,
2007-06-21,
2007-06-22,1870.6821403658016
2007-06-23,691.8309709189363
2007-06-24,2606.1535499988977
2007-06-25,
2007-06-26,3630.7805477010174
2007-06-27,356.4511334262439
2007-06-28,963.8290236239706
2007-06-29,
2007-06-30,
2007-07-01,
2007-07-02,3630.7805477010174
2007-07-03,
2007-07-04,963.8290236239706
2007-07-05,3630.7805477010174
2007-07-06,1342.764961137864
2007-07-07,1870.6821403658016
2007-07-08,1870.6821403658016
2007-07-09,9817.479430199863
2007-07-10,2606.1535499988977
2007-07-11,
2007-07-12,1342.764961137864
2007-07-13,2606.1535499988977
2007-07-14,3630.7805477010174
2007-07-15,2606.1535499988977
2007-07-16,2606.1535499988977
2007-07-17,2606.1535499988977
2007-07-18,
2007-07-19,2606.1535499988977
2007-07-20,3630.7805477010174
2007-07-21,
2007-07-22,
2007-07-23,1342.764961137864
2007-07-24,1342.764961137864
2007-07-25,963.8290236239706
2007-07-26,
2007-07-27,7046.9306896714525
2007-07-28,
2007-07-29,
2007-07-30,
2007-07-31,
2007-08-01,100000.0
2007-08-02,5058.246620031148
2007-08-03,1870.6821403658016
2007-08-04,
2007-08-05,691.8309709189363
2007-08-06,691.8309709189363
2007-08-07,
2007-08-08,
2007-08-09,3630.7805477010174
2007-08-10,2606.1535499988977
2007-08-11,5058.246620031148
2007-08-12,
2007-08-13,
2007-08-14,
2007-08-15,
2007-08-16,
2007-08-17,1342.764961137864
2007-08-18,26546.055619755363
2007-08-19,
2007-08-20,
2007-08-21,2606.1535499988977
2007-08-22,2606.1535499988977
2007-08-23,
2007-08-24,1870.6821403658016
2007-08-25,
2007-08-26,963.8290236239706
2007-08-27,1870.6821403658016
2007-08-28,1870.6821403658016
2007-08-29,3630.7805477010174
2007-08-30,1342.764961137864
2007-08-31,2606.1535499988977
2007-09-01,
2007-09-02,
2007-09-03,
2007-09-04,
2007-09-05,
2007-09-06,
2007-09-07,1342.764961137864
2007-09-08,2606.1535499988977
2007-09-09,
2007-09-10,3630.7805477010174
2007-09-11,
2007-09-12,
2007-09-13,1342.764961137864
2007-09-14,
2007-09-15,1870.6821403658016
2007-09-16,
2007-09-17,1870.6821403658016
2007-09-18,
2007-09-19,1870.6821403658016
2007-09-20,
2007-09-21,2606.1535499988977
2007-09-22,1870.6821403658016
2007-09-23,
2007-09-24,
2007-09-25,
2007-09-26,1870.6821403658016
2007-09-27,
2007-09-28,2606.1535499988977
2007-09-29,
2007-09-30,3630.7805477010174
2007-10-01,1342.764961137864
2007-10-02,
2007-10-03,
2007-10-04,
2007-10-05,
2007-10-06,
2007-10-07,963.8290236239706
2007-10-08,13677.288255958467
2007-10-09,
2007-10-10,5058.246620031148
2007-10-11,
2007-10-12,
2007-10-13,
2007-10-14,2606.1535499988977
2007-10-15,2606.1535499988977
2007-10-16,3630.7805477010174
2007-10-17,
2007-10-18,3630.7805477010174
2007-10-19,
2007-10-20,
2007-10-21,1870.6821403658016
2007-10-22,
2007-10-23,2606.1535499988977
2007-10-24,691.8309709189363
2007-10-25,1870.6821403658016
2007-10-26,2606.1535499988977
2007-10-27,
2007-10-28,963.8290236239706
2007-10-29,
2007-10-30,
2007-10-31,963.8290236239706
2007-11-01,2606.1535499988977
2007-11-02,1870.6821403658016
2007-11-03,2606.1535499988977
2007-11-04,
2007-11-05,
2007-11-06,
2007-11-07,
2007-11-08,
2007-11-09,2606.1535499988977
2007-11-10,
2007-11-11,
2007-11-12,
2007-11-13,
2007-11-14,1870.6821403658016
2007-11-15,2606.1535499988977
2007-11-16,1870.6821403658016
2007-11-17,
2007-11-18,
2007-11-19,
2007-11-20,
2007-11-21,963.8290236239706
2007-11-22,
2007-11-23,1342.764961137864
2007-11-24,1342.764961137864
2007-11-25,
2007-11-26,1870.6821403658016
2007-11-27,
2007-11-28,
2007-11-29,9817.479430199863
2007-11-30,2606.1535499988977
2007-12-01,1870.6821403658016
2007-12-02,3630.7805477010174
2007-12-03,2606.1535499988977
2007-12-04,
2007-12-05,
2007-12-06,
2007-12-07,2606.1535499988977
2007-12-08,
2007-12-09,26546.055619755363
2007-12-10,36982.81797802674
2007-12-11,3630.7805477010174
2007-12-12,
2007-12-13,
2007-12-14,13677.288255958467
2007-12-15,2606.1535499988977
2007-12-16,
2007-12-17,
2007-12-18,
2007-12-19,
2007-12-20,2606.1535499988977
2007-12-21,963.8290236239706
2007-12-22,
2007-12-23,3630.7805477010174
2007-12-24,1342.764961137864
2007-12-25,
2007-12-26,
2007-12-27,496.5923214503358
2007-12-28,
2007-12-29,
2007-12-30,1342.764961137864
2007-12-31,255.8585886905653
2008-01-01,
2008-01-02,963.8290236239706
2008-01-03,2606.1535499988977
2008-01-04,
2008-01-05,3630.7805477010174
2008-01-06,1870.6821403658016
2008-01-07,
2008-01-08,1870.6821403658016
2008-01-09,
2008-01-10,3630.7805477010174
2008-01-11,
2008-01-12,3630.7805477010174
2008-01-13,
2008-01-14,1870.6821403658016
2008-01-15,
2008-01-16,48.7528490103387
2008-01-17,5058.246620031148
2008-01-18,3630.7805477010174
2008-01-19,1342.764961137864
2008-01-20,1342.764961137864
2008-01-21,2606.1535499988977
2008-01-22,
2008-01-23,
2008-01-24,3630.7805477010174
2008-01-25,
2008-01-26,3630.7805477010174
2008-01-27,7046.9306896714525
2008-01-28,13677.288255958467
2008-01-29,2606.1535499988977
2008-01-30,2606.1535499988977
2008-01-31,1342.764961137864
2008-02-01,1342.764961137864
2008-02-02,1342.764961137864
2008-02-03,2606.1535499988977
2008-02-04,2606.1535499988977
2008-02-05,1870.6821403658016
2008-02-06,1342.764961137864
2008-02-07,1870.6821403658016
2008-02-08,2606.1535499988977
2008-02-09,1342.764961137864
2008-02-10,1870.6821403658016
2008-02-11,
2008-02-12,
2008-02-13,1342.764961137864
2008-02-14,
2008-02-15,5058.246620031148
2008-02-16,
2008-02-17,
2008-02-18,3630.7805477010174
2008-02-19,1342.764961137864
2008-02-20,1342.764961137864
2008-02-21,13677.288255958467
2008-02-22,1870.6821403658016
2008-02-23,1870.6821403658016
2008-02-24,2606.1535499988977
2008-02-25,
2008-02-26,1342.764961137864
2008-02-27,
2008-02-28,
2008-02-29,
2008-03-01,963.8290236239706
2008-03-02,
2008-03-03,1870.6821403658016
2008-03-04,
2008-03-05,1342.764961137864
2008-03-06,
2008-03-07,5058.246620031148
2008-03-08,
2008-03-09,
2008-03-10,
2008-03-11,1870.6821403658016
2008-03-12,1419057.5216890955
2008-03-13,1342.764961137864
2008-03-14,71779.42912713616
2008-03-15,2606.1535499988977
2008-03-16,7046.9306896714525
2008-03-17,5058.246620031148
2008-03-18,1870.6821403658016
2008-03-19,
2008-03-20,
2008-03-21,
2008-03-22,
2008-03-23,7046.9306896714525
2008-03-24,3630.7805477010174
2008-03-25,
2008-03-26,3630.7805477010174
2008-03-27,1870.6821403658016
2008-03-28,7046.9306896714525
2008-03-29,
2008-03-30,3630.7805477010174
2008-03-31,
2008-04-01,1342.764961137864
2008-04-02,
2008-04-03,1870.6821403658016
2008-04-04,691.8309709189363
2008-04-05,1870.6821403658016
2008-04-06,1342.764961137864
2008-04-07,3630.7805477010174
2008-04-08,
2008-04-09,963.8290236239706
2008-04-10,1342.764961137864
2008-04-11,3630.7805477010174
2008-04-12,26546.055619755363
2008-04-13,1870.6821403658016
2008-04-14,691.8309709189363
2008-04-15,
2008-04-16,1870.6821403658016
2008-04-17,
2008-04-18,9817.479430199863
2008-04-19,1342.764961137864
2008-04-20,2606.1535499988977
2008-04-21,
2008-04-22,496.5923214503358
2008-04-23,1342.764961137864
2008-04-24,
2008-04-25,1870.6821403658016
2008-04-26,3630.7805477010174
2008-04-27,26546.055619755363
2008-04-28,3630.7805477010174
2008-04-29,7046.9306896714525
2008-04-30,1870.6821403658016
2008-05-01,963.8290236239706
2008-05-02,1870.6821403658016
2008-05-03,3630.7805477010174
2008-05-04,
2008-05-05,1870.6821403658016
2008-05-06,
2008-05-07,356.4511334262439
2008-05-08,5058.246620031148
2008-05-09,356.4511334262439
2008-05-10,963.8290236239706
2008-05-11,3630.7805477010174
2008-05-12,
2008-05-13,
2008-05-14,
2008-05-15,2606.1535499988977
2008-05-16,1342.764961137864
2008-05-17,7046.9306896714525
2008-05-18,19054.607179632523
2008-05-19,100000.0
2008-05-20,
2008-05-21,2606.1535499988977
2008-05-22,
2008-05-23,
2008-05-24,
2008-05-25,1342.764961137864
2008-05-26,
2008-05-27,2606.1535499988977
2008-05-28,5058.246620031148
2008-05-29,
2008-05-30,
2008-05-31,
2008-06-01,270395.8364108835
2008-06-02,9817.479430199863
2008-06-03,100000.0
2008-06-04,2606.1535499988977
2008-06-05,9817.479430199863
2008-06-06,7046.9306896714525
2008-06-07,
2008-06-08,1342.764961137864
2008-06-09,3630.7805477010174
2008-06-10,1342.764961137864
2008-06-11,5058.246620031148
2008-06-12,1870.6821403658016
2008-06-13,13677.288255958467
2008-06-14,1342.764961137864
2008-06-15,1870.6821403658016
2008-06-16,1342.764961137864
2008-06-17,3630.7805477010174
2008-06-18,
2008-06-19,2606.1535499988977
2008-06-20,2606.1535499988977
2008-06-21,1870.6821403658016
2008-06-22,1870.6821403658016
2008-06-23,
2008-06-24,691.8309709189363
2008-06-25,
2008-06-26,1342.764961137864
2008-06-27,1342.764961137864
2008-06-28,356.4511334262439
2008-06-29,51522.86445817562
2008-06-30,2606.1535499988977
2008-07-01,1870.6821403658016
2008-07-02,2606.1535499988977
2008-07-03,1870.6821403658016
2008-07-04,496.5923214503358
2008-07-05,1870.6821403658016
2008-07-06,
2008-07-07,2606.1535499988977
2008-07-08,
2008-07-09,26546.055619755363
2008-07-10,2606.1535499988977
2008-07-11,1342.764961137864
2008-07-12,1342.764961137864
2008-07-13,
2008-07-14,36982.81797802674
2008-07-15,194088.58775927793
2008-07-16,
2008-07-17,9817.479430199863
2008-07-18,2606.1535499988977
2008-07-19,3630.7805477010174
2008-07-20,963.8290236239706
2008-07-21,3630.7805477010174
2008-07-22,7046.9306896714525
2008-07-23,183.65383433483436
2008-07-24,1870.6821403658016
2008-07-25,
2008-07-26,1870.6821403658016
2008-07-27,2606.1535499988977
2008-07-28,1870.6821403658016
2008-07-29,1342.764961137864
2008-07-30,13677.288255958467
2008-07-31,131.825673855641
2008-08-01,
2008-08-02,
2008-08-03,1342.764961137864
2008-08-04,3630.7805477010174
2008-08-05,1870.6821403658016
2008-08-06,963.8290236239706
2008-08-07,1870.6821403658016
2008-08-08,1342.764961137864
2008-08-09,
2008-08-10,
2008-08-11,
2008-08-12,19054.607179632523
2008-08-13,1870.6821403658016
2008-08-14,3630.7805477010174
2008-08-15,1342.764961137864
2008-08-16,1870.6821403658016
2008-08-17,
2008-08-18,9817.479430199863
2008-08-19,1870.6821403658016
2008-08-20,
2008-08-21,1870.6821403658016
2008-08-22,2606.1535499988977
2008-08-23,691.8309709189363
2008-08-24,67.92036326171858
2008-08-25,1870.6821403658016
2008-08-26,1342.764961137864
2008-08-27,1870.6821403658016
2008-08-28,691.8309709189363
2008-08-29,1870.6821403658016
2008-08-30,
2008-08-31,1870.6821403658016
2008-09-01,
2008-09-02,
2008-09-03,356.4511334262439
2008-09-04,1342.764961137864
2008-09-05,496.5923214503358
2008-09-06,963.8290236239706
2008-09-07,
2008-09-08,1342.764961137864
2008-09-09,691.8309709189363
2008-09-10,496.5923214503358
2008-09-11,1342.764961137864
2008-09-12,
2008-09-13,1342.764961137864
2008-09-14,
2008-09-15,963.8290236239706
2008-09-16,
2008-09-17,1342.764961137864
2008-09-18,3630.7805477010174
2008-09-19,2606.1535499988977
2008-09-20,691.8309709189363
2008-09-21,2606.1535499988977
2008-09-22,255.8585886905653
2008-09-23,1342.764961137864
2008-09-24,
2008-09-25,1342.764961137864
2008-09-26,48.7528490103387
2008-09-27,
2008-09-28,1870.6821403658016
2008-09-29,
2008-09-30,1870.6821403658016
2008-10-01,3630.7805477010174
2008-10-02,3630.7805477010174
2008-10-03,691.8309709189363
2008-10-04,
2008-10-05,194088.58775927793
2008-10-06,2606.1535499988977
2008-10-07,1342.764961137864
2008-10-08,1870.6821403658016
2008-10-09,2606.1535499988977
2008-10-10,1870.6821403658016
2008-10-11,
2008-10-12,2606.1535499988977
2008-10-13,1870.6821403658016
2008-10-14,1342.764961137864
2008-10-15,2606.1535499988977
2008-10-16,2606.1535499988977
2008-10-17,67.92036326171858
2008-10-18,1870.6821403658016
2008-10-19,
2008-10-20,
2008-10-21,691.8309709189363
2008-10-22,51522.86445817562
2008-10-23,1342.764961137864
2008-10-24,48.7528490103387
2008-10-25,496.5923214503358
2008-10-26,255.8585886905653
2008-10-27,
2008-10-28,1870.6821403658016
2008-10-29,
2008-10-30,1870.6821403658016
2008-10-31,356.4511334262439
2008-11-01,1870.6821403658016
2008-11-02,1342.764961137864
2008-11-03,1342.764961137864
2008-11-04,255.8585886905653
2008-11-05,1342.764961137864
2008-11-06,1342.764961137864
2008-11-07,1870.6821403658016
2008-11-08,691.8309709189363
2008-11-09,1342.764961137864
2008-11-10,183.65383433483436
2008-11-11,
2008-11-12,496.5923214503358
2008-11-13,496.5923214503358
2008-11-14,1342.764961137864
2008-11-15,255.8585886905653
2008-11-16,3630.7805477010174
2008-11-17,
2008-11-18,1342.764961137864
2008-11-19,2606.1535499988977
2008-11-20,356.4511334262439
2008-11-21,
2008-11-22,
2008-11-23,5058.246620031148
2008-11-24,1870.6821403658016
2008-11-25,
2008-11-26,1870.6821403658016
2008-11-27,963.8290236239706
2008-11-28,691.8309709189363
2008-11-29,1342.764961137864
2008-11-30,2606.1535499988977
2008-12-01,691.8309709189363
2008-12-02,1342.764961137864
2008-12-03,1870.6821403658016
2008-12-04,2606.1535499988977
2008-12-05,356.4511334262439
2008-12-06,7046.9306896714525
2008-12-07,1870.6821403658016
2008-12-08,1342.764961137864
2008-12-09,963.8290236239706
2008-12-10,1870.6821403658016
2008-12-11,1342.764961137864
2008-12-12,5058.246620031148
2008-12-13,131.825673855641
2008-12-14,
2008-12-15,2606.1535499988977
2008-12-16,1870.6821403658016
2008-12-17,2606.1535499988977
2008-12-18,
2008-12-19,691.8309709189363
2008-12-20,3630.7805477010174
2008-12-21,3630.7805477010174
2008-12-22,5058.246620031148
2008-12-23,94.6237161365793
2008-12-24,
2008-12-25,5058.246620031148
2008-12-26,9817.479430199863
2008-12-27,7046.9306896714525
2008-12-28,
2008-12-29,
2008-12-30,
2008-12-31,1342.764961137864
2009-01-01,
2009-01-02,1342.764961137864
2009-01-03,1870.6821403658016
2009-01-04,3630.7805477010174
2009-01-05,1342.764961137864
2009-01-06,
2009-01-07,5058.246620031148
2009-01-08,2606.1535499988977
2009-01-09,1342.764961137864
2009-01-10,963.8290236239706
2009-01-11,7046.9306896714525
2009-01-12,3630.7805477010174
2009-01-13,3630.7805477010174
2009-01-14,1342.764961137864
2009-01-15,2606.1535499988977
2009-01-16,1870.6821403658016
2009-01-17,48.7528490103387
2009-01-18,
2009-01-19,691.8309709189363
2009-01-20,1342.764961137864
2009-01-21,963.8290236239706
2009-01-22,963.8290236239706
2009-01-23,36982.81797802674
2009-01-24,270395.8364108835
2009-01-25,19054.607179632523
2009-01-26,9817.479430199863
2009-01-27,2606.1535499988977
2009-01-28,2606.1535499988977
2009-01-29,1870.6821403658016
2009-01-30,1342.764961137864
2009-01-31,2606.1535499988977
2009-02-01,5058.246620031148
2009-02-02,3630.7805477010174
2009-02-03,3630.7805477010174
2009-02-04,
2009-02-05,2606.1535499988977
2009-02-06,3630.7805477010174
2009-02-07,496.5923214503358
2009-02-08,
2009-02-09,1870.6821403658016
2009-02-10,3630.7805477010174
2009-02-11,255.8585886905653
2009-02-12,
2009-02-13,356.4511334262439
2009-02-14,1342.764961137864
2009-02-15,
2009-02-16,963.8290236239706
2009-02-17,1342.764961137864
2009-02-18,5058.246620031148
2009-02-19,7046.9306896714525
2009-02-20,7046.9306896714525
2009-02-21,9817.479430199863
2009-02-22,1342.764961137864
2009-02-23,2606.1535499988977
2009-02-24,963.8290236239706
2009-02-25,
2009-02-26,1870.6821403658016
2009-02-27,1342.764961137864
2009-02-28,1342.764961137864
2009-03-01,13677.288255958467
2009-03-02,1870.6821403658016
2009-03-03,1870.6821403658016
2009-03-04,2606.1535499988977
2009-03-05,496.5923214503358
2009-03-06,1870.6821403658016
2009-03-07,3630.7805477010174
2009-03-08,2606.1535499988977
2009-03-09,1870.6821403658016
2009-03-10,963.8290236239706
2009-03-11,691.8309709189363
2009-03-12,1342.764961137864
2009-03-13,1342.764961137864
2009-03-14,691.8309709189363
2009-03-15,2606.1535499988977
2009-03-16,963.8290236239706
2009-03-17,1870.6821403658016
2009-03-18,36982.81797802674
2009-03-19,
2009-03-20,1870.6821403658016
2009-03-21,1870.6821403658016
2009-03-22,691.8309709189363
2009-03-23,691.8309709189363
2009-03-24,
2009-03-25,1870.6821403658016
2009-03-26,1342.764961137864
2009-03-27,691.8309709189363
2009-03-28,1342.764961137864
2009-03-29,
2009-03-30,1342.764961137864
2009-03-31,691.8309709189363
2009-04-01,100000.0
2009-04-02,1870.6821403658016
2009-04-03,
2009-04-04,963.8290236239706
2009-04-05,1870.6821403658016
2009-04-06,19054.607179632523
2009-04-07,1870.6821403658016
2009-04-08,131.825673855641
2009-04-09,1342.764961137864
2009-04-10,1342.764961137864
2009-04-11,
2009-04-12,496.5923214503358
2009-04-13,963.8290236239706
2009-04-14,7046.9306896714525
2009-04-15,34.99451670283577
2009-04-16,3630.7805477010174
2009-04-17,2606.1535499988977
2009-04-18,1342.764961137864
2009-04-19,1870.6821403658016
2009-04-20,5058.246620031148
2009-04-21,2606.1535499988977
2009-04-22,1342.764961137864
2009-04-23,963.8290236239706
2009-04-24,691.8309709189363
2009-04-25,2606.1535499988977
2009-04-26,963.8290236239706
2009-04-27,71779.42912713616
2009-04-28,19054.607179632523
2009-04-29,2606.1535499988977
2009-04-30,496.5923214503358
2009-05-01,1342.764961137864
2009-05-02,1870.6821403658016
2009-05-03,963.8290236239706
2009-05-04,963.8290236239706
2009-05-05,9817.479430199863
2009-05-06,1342.764961137864
2009-05-07,691.8309709189363
2009-05-08,7046.9306896714525
2009-05-09,1870.6821403658016
2009-05-10,2606.1535499988977
2009-05-11,1342.764961137864
2009-05-12,3630.7805477010174
2009-05-13,2606.1535499988977
2009-05-14,2606.1535499988977
2009-05-15,2606.1535499988977
2009-05-16,963.8290236239706
2009-05-17,3630.7805477010174
2009-05-18,963.8290236239706
2009-05-19,1870.6821403658016
2009-05-20,
2009-05-21,5058.246620031148
2009-05-22,1342.764961137864
2009-05-23,51522.86445817562
2009-05-24,1870.6821403658016
2009-05-25,13677.288255958467
2009-05-26,1870.6821403658016
2009-05-27,963.8290236239706
2009-05-28,963.8290236239706
2009-05-29,1342.764961137864
2009-05-30,1342.764961137864
2009-05-31,19054.607179632523
2009-06-01,496.5923214503358
2009-06-02,13677.288255958467
2009-06-03,963.8290236239706
2009-06-04,2606.1535499988977
2009-06-05,691.8309709189363
2009-06-06,1342.764961137864
2009-06-07,356.4511334262439
2009-06-08,25.118864315095824
2009-06-09,
2009-06-10,2606.1535499988977
2009-06-11,1870.6821403658016
2009-06-12,691.8309709189363
2009-06-13,691.8309709189363
2009-06-14,1342.764961137864
2009-06-15,
2009-06-16,1870.6821403658016
2009-06-17,
2009-06-18,963.8290236239706
2009-06-19,356.4511334262439
2009-06-20,3630.7805477010174
2009-06-21,1870.6821403658016
2009-06-22,36982.81797802674
2009-06-23,5058.246620031148
2009-06-24,1870.6821403658016
2009-06-25,1870.6821403658016
2009-06-26,
2009-06-27,963.8290236239706
2009-06-28,3630.7805477010174
2009-06-29,2606.1535499988977
2009-06-30,1870.6821403658016
2009-07-01,3630.7805477010174
2009-07-02,7046.9306896714525
2009-07-03,1342.764961137864
2009-07-04,7046.9306896714525
2009-07-05,963.8290236239706
2009-07-06,2606.1535499988977
2009-07-07,2606.1535499988977
2009-07-08,963.8290236239706
2009-07-09,1870.6821403658016
2009-07-10,496.5923214503358
2009-07-11,2606.1535499988977
2009-07-12,9817.479430199863
2009-07-13,1870.6821403658016
2009-07-14,963.8290236239706
2009-07-15,
2009-07-16,2606.1535499988977
2009-07-17,5058.246620031148
2009-07-18,26546.055619755363
2009-07-19,1870.6821403658016
2009-07-20,
2009-07-21,691.8309709189363
2009-07-22,1870.6821403658016
2009-07-23,691.8309709189363
2009-07-24,
2009-07-25,1342.764961137864
2009-07-26,963.8290236239706
2009-07-27,
2009-07-28,1342.764961137864
2009-07-29,
2009-07-30,1870.6821403658016
2009-07-31,1870.6821403658016
2009-08-01,270395.8364108835
2009-08-02,7046.9306896714525
2009-08-03,
2009-08-04,1342.764961137864
2009-08-05,496.5923214503358
2009-08-06,1870.6821403658016
2009-08-07,963.8290236239706
2009-08-08,376703.7989839093
2009-08-09,
2009-08-10,691.8309709189363
2009-08-11,496.5923214503358
2009-08-12,67.92036326171858
2009-08-13,3630.7805477010174
2009-08-14,36982.81797802674
2009-08-15,7046.9306896714525
2009-08-16,
2009-08-17,1870.6821403658016
2009-08-18,5058.246620031148
2009-08-19,691.8309709189363
2009-08-20,963.8290236239706
2009-08-21,255.8585886905653
2009-08-22,3630.7805477010174
2009-08-23,
2009-08-24,963.8290236239706
2009-08-25,5058.246620031148
2009-08-26,
2009-08-27,19054.607179632523
2009-08-28,1870.6821403658016
2009-08-29,1342.764961137864
2009-08-30,1870.6821403658016
2009-08-31,691.8309709189363
2009-09-01,67.92036326171858
2009-09-02,1342.764961137864
2009-09-03,1870.6821403658016
2009-09-04,1870.6821403658016
2009-09-05,2606.1535499988977
2009-09-06,1870.6821403658016
2009-09-07,
2009-09-08,
2009-09-09,
2009-09-10,5058.246620031148
2009-09-11,1870.6821403658016
2009-09-12,
2009-09-13,1342.764961137864
2009-09-14,963.8290236239706
2009-09-15,
2009-09-16,2606.1535499988977
2009-09-17,
2009-09-18,2606.1535499988977
2009-09-19,
2009-09-20,
2009-09-21,
2009-09-22,1870.6821403658016
2009-09-23,963.8290236239706
2009-09-24,1870.6821403658016
2009-09-25,1870.6821403658016
2009-09-26,
2009-09-27,2606.1535499988977
2009-09-28,1870.6821403658016
2009-09-29,5058.246620031148
2009-09-30,2606.1535499988977
2009-10-01,691.8309709189363
2009-10-02,356.4511334262439
2009-10-03,963.8290236239706
2009-10-04,255.8585886905653
2009-10-05,13677.288255958467
2009-10-06,691.8309709189363
2009-10-07,496.5923214503358
2009-10-08,34.99451670283577
2009-10-09,1342.764961137864
2009-10-10,7046.9306896714525
2009-10-11,2606.1535499988977
2009-10-12,963.8290236239706
2009-10-13,963.8290236239706
2009-10-14,
2009-10-15,
2009-10-16,963.8290236239706
2009-10-17,1870.6821403658016
2009-10-18,963.8290236239706
2009-10-19,963.8290236239706
2009-10-20,
2009-10-21,7046.9306896714525
2009-10-22,1870.6821403658016
2009-10-23,1342.764961137864
2009-10-24,1342.764961137864
2009-10-25,2606.1535499988977
2009-10-26,
2009-10-27,1870.6821403658016
2009-10-28,
2009-10-29,496.5923214503358
2009-10-30,
2009-10-31,691.8309709189363
2009-11-01,
2009-11-02,963.8290236239706
2009-11-03,356.4511334262439
2009-11-04,2606.1535499988977
2009-11-05,
2009-11-06,963.8290236239706
2009-11-07,2606.1535499988977
2009-11-08,
2009-11-09,691.8309709189363
2009-11-10,
2009-11-11,
2009-11-12,
2009-11-13,
2009-11-14,1342.764961137864
2009-11-15,963.8290236239706
2009-11-16,26546.055619755363
2009-11-17,
2009-11-18,356.4511334262439
2009-11-19,5058.246620031148
2009-11-20,1870.6821403658016
2009-11-21,3630.7805477010174
2009-11-22,
2009-11-23,963.8290236239706
2009-11-24,1342.764961137864
2009-11-25,963.8290236239706
2009-11-26,2606.1535499988977
2009-11-27,5058.246620031148
2009-11-28,
2009-11-29,1870.6821403658016
2009-11-30,
2009-12-01,3630.7805477010174
2009-12-02,2606.1535499988977
2009-12-03,
2009-12-04,963.8290236239706
2009-12-05,1342.764961137864
2009-12-06,
2009-12-07,
2009-12-08,
2009-12-09,2606.1535499988977
2009-12-10,
2009-12-11,
2009-12-12,
2009-12-13,
2009-12-14,2606.1535499988977
2009-12-15,255.8585886905653
2009-12-16,
2009-12-17,496.5923214503358
2009-12-18,
2009-12-19,
2009-12-20,
2009-12-21,1870.6821403658016
2009-12-22,1342.764961137864
2009-12-23,691.8309709189363
2009-12-24,1342.764961137864
2009-12-25,963.8290236239706
2009-12-26,255.8585886905653
2009-12-27,
2009-12-28,2606.1535499988977
2009-12-29,1870.6821403658016
2009-12-30,3630.7805477010174
2009-12-31,
2010-01-01,3630.7805477010174
2010-01-02,3630.7805477010174
2010-01-03,691.8309709189363
2010-01-04,963.8290236239706
2010-01-05,963.8290236239706
2010-01-06,691.8309709189363
2010-01-07,131.825673855641
2010-01-08,
2010-01-09,496.5923214503358
2010-01-10,
2010-01-11,963.8290236239706
2010-01-12,7046.9306896714525
2010-01-13,13677.288255958467
2010-01-14,
2010-01-15,691.8309709189363
2010-01-16,1870.6821403658016
2010-01-17,
2010-01-18,
2010-01-19,3630.7805477010174
2010-01-20,496.5923214503358
2010-01-21,356.4511334262439
2010-01-22,1342.764961137864
2010-01-23,
2010-01-24,1870.6821403658016
2010-01-25,1870.6821403658016
2010-01-26,963.8290236239706
2010-01-27,1870.6821403658016
2010-01-28,2606.1535499988977
2010-01-29,691.8309709189363
2010-01-30,1342.764961137864
2010-01-31,691.8309709189363
2010-02-01,1342.764961137864
2010-02-02,963.8290236239706
2010-02-03,19054.607179632523
2010-02-04,3630.7805477010174
2010-02-05,131.825673855641
2010-02-06,1870.6821403658016
2010-02-07,1342.764961137864
2010-02-08,7046.9306896714525
2010-02-09,2606.1535499988977
2010-02-10,7046.9306896714525
2010-02-11,2606.1535499988977
2010-02-12,
2010-02-13,2606.1535499988977
2010-02-14,5058.246620031148
2010-02-15,1342.764961137864
2010-02-16,691.8309709189363
2010-02-17,
2010-02-18,1870.6821403658016
2010-02-19,2606.1535499988977
2010-02-20,1342.764961137864
2010-02-21,
2010-02-22,5058.246620031148
2010-02-23,496.5923214503358
2010-02-24,963.8290236239706
2010-02-25,691.8309709189363
2010-02-26,1870.6821403658016
2010-02-27,1870.6821403658016
2010-02-28,2606.1535499988977
2010-03-01,963.8290236239706
2010-03-02,5058.246620031148
2010-03-03,5058.246620031148
2010-03-04,691.8309709189363
2010-03-05,9817.479430199863
2010-03-06,
2010-03-07,1870.6821403658016
2010-03-08,19054.607179632523
2010-03-09,496.5923214503358
2010-03-10,2606.1535499988977
2010-03-11,
2010-03-12,
2010-03-13,26546.055619755363
2010-03-14,
2010-03-15,1870.6821403658016
2010-03-16,1342.764961137864
2010-03-17,1342.764961137864
2010-03-18,1342.764961137864
2010-03-19,963.8290236239706
2010-03-20,1342.764961137864
2010-03-21,183.65383433483436
2010-03-22,356.4511334262439
2010-03-23,
2010-03-24,691.8309709189363
2010-03-25,1870.6821403658016
2010-03-26,1870.6821403658016
2010-03-27,1342.764961137864
2010-03-28,
2010-03-29,963.8290236239706
2010-03-30,1342.764961137864
2010-03-31,963.8290236239706
2010-04-01,1870.6821403658016
2010-04-02,1342.764961137864
2010-04-03,691.8309709189363
2010-04-04,2606.1535499988977
2010-04-05,1342.764961137864
2010-04-06,1870.6821403658016
2010-04-07,1342.764961137864
2010-04-08,963.8290236239706
2010-04-09,9817.479430199863
2010-04-10,496.5923214503358
2010-04-11,
2010-04-12,1870.6821403658016
2010-04-13,496.5923214503358
2010-04-14,3630.7805477010174
2010-04-15,963.8290236239706
2010-04-16,1342.764961137864
2010-04-17,
2010-04-18,255.8585886905653
2010-04-19,691.8309709189363
2010-04-20,5058.246620031148
2010-04-21,
2010-04-22,94.6237161365793
2010-04-23,1870.6821403658016
2010-04-24,7046.9306896714525
2010-04-25,2606.1535499988977
2010-04-26,183.65383433483436
2010-04-27,496.5923214503358
2010-04-28,
2010-04-29,
2010-04-30,
2010-05-01,2606.1535499988977
2010-05-02,1342.764961137864
2010-05-03,963.8290236239706
2010-05-04,963.8290236239706
2010-05-05,1870.6821403658016
2010-05-06,1870.6821403658016
2010-05-07,5058.246620031148
2010-05-08,1342.764961137864
2010-05-09,1342.764961137864
2010-05-10,2606.1535499988977
2010-05-11,5058.246620031148
2010-05-12,1870.6821403658016
2010-05-13,2606.1535499988977
2010-05-14,1342.764961137864
2010-05-15,691.8309709189363
2010-05-16,1342.764961137864
2010-05-17,691.8309709189363
2010-05-18,1342.764961137864
2010-05-19,
2010-05-20,1870.6821403658016
2010-05-21,691.8309709189363
2010-05-22,1342.764961137864
2010-05-23,963.8290236239706
2010-05-24,1342.764961137864
2010-05-25,2606.1535499988977
2010-05-26,
2010-05-27,3630.7805477010174
2010-05-28,
2010-05-29,13677.288255958467
2010-05-30,255.8585886905653
2010-05-31,1342.764961137864
2010-06-01,963.8290236239706
2010-06-02,255.8585886905653
2010-06-03,691.8309709189363
2010-06-04,963.8290236239706
2010-06-05,
2010-06-06,1342.764961137864
2010-06-07,
2010-06-08,963.8290236239706
2010-06-09,1870.6821403658016
2010-06-10,691.8309709189363
2010-06-11,194088.58775927793
2010-06-12,1342.764961137864
2010-06-13,2606.1535499988977
2010-06-14,2606.1535499988977
2010-06-15,963.8290236239706
2010-06-16,1870.6821403658016
2010-06-17,691.8309709189363
2010-06-18,
2010-06-19,691.8309709189363
2010-06-20,
2010-06-21,496.5923214503358
2010-06-22,963.8290236239706
2010-06-23,1342.764961137864
2010-06-24,496.5923214503358
2010-06-25,963.8290236239706
2010-06-26,1870.6821403658016
2010-06-27,
2010-06-28,2606.1535499988977
2010-06-29,255.8585886905653
2010-06-30,1870.6821403658016
2010-07-01,2606.1535499988977
2010-07-02,1342.764961137864
2010-07-03,1342.764961137864
2010-07-04,356.4511334262439
2010-07-05,1342.764961137864
2010-07-06,3630.7805477010174
2010-07-07,9817.479430199863
2010-07-08,
2010-07-09,963.8290236239706
2010-07-10,1342.764961137864
2010-07-11,1342.764961137864
2010-07-12,1342.764961137864
2010-07-13,963.8290236239706
2010-07-14,1870.6821403658016
2010-07-15,691.8309709189363
2010-07-16,691.8309709189363
2010-07-17,5058.246620031148
2010-07-18,
2010-07-19,1870.6821403658016
2010-07-20,
2010-07-21,2606.1535499988977
2010-07-22,
2010-07-23,691.8309709189363
2010-07-24,1342.764961137864
2010-07-25,1342.764961137864
2010-07-26,1870.6821403658016
2010-07-27,1870.6821403658016
2010-07-28,1342.764961137864
2010-07-29,691.8309709189363
2010-07-30,356.4511334262439
2010-07-31,356.4511334262439
2010-08-01,
2010-08-02,963.8290236239706
2010-08-03,1870.6821403658016
2010-08-04,3630.7805477010174
2010-08-05,356.4511334262439
2010-08-06,3630.7805477010174
2010-08-07,1342.764961137864
2010-08-08,
2010-08-09,1342.764961137864
2010-08-10,1870.6821403658016
2010-08-11,1342.764961137864
2010-08-12,691.8309709189363
2010-08-13,2606.1535499988977
2010-08-14,2606.1535499988977
2010-08-15,5058.246620031148
2010-08-16,691.8309709189363
2010-08-17,1870.6821403658016
2010-08-18,1342.764961137864
2010-08-19,691.8309709189363
2010-08-20,
2010-08-21,
2010-08-22,
2010-08-23,496.5923214503358
2010-08-24,1870.6821403658016
2010-08-25,1342.764961137864
2010-08-26,3630.7805477010174
2010-08-27,963.8290236239706
2010-08-28,3630.7805477010174
2010-08-29,
2010-08-30,1870.6821403658016
2010-08-31,496.5923214503358
2010-09-01,
2010-09-02,2606.1535499988977
2010-09-03,691.8309709189363
2010-09-04,963.8290236239706
2010-09-05,3630.7805477010174
2010-09-06,
2010-09-07,1342.764961137864
2010-09-08,3630.7805477010174
2010-09-09,1342.764961137864
2010-09-10,
2010-09-11,963.8290236239706
2010-09-12,
2010-09-13,
2010-09-14,
2010-09-15,963.8290236239706
2010-09-16,1342.764961137864
2010-09-17,2606.1535499988977
2010-09-18,5058.246620031148
2010-09-19,5058.246620031148
2010-09-20,
2010-09-21,
2010-09-22,691.8309709189363
2010-09-23,691.8309709189363
2010-09-24,691.8309709189363
2010-09-25,
2010-09-26,691.8309709189363
2010-09-27,691.8309709189363
2010-09-28,1342.764961137864
2010-09-29,3630.7805477010174
2010-09-30,
2010-10-01,963.8290236239706
2010-10-02,963.8290236239706
2010-10-03,270395.8364108835
2010-10-04,1870.6821403658016
2010-10-05,356.4511334262439
2010-10-06,496.5923214503358
2010-10-07,1342.764961137864
2010-10-08,1342.764961137864
2010-10-09,1342.764961137864
2010-10-10,1342.764961137864
2010-10-11,2606.1535499988977
2010-10-12,963.8290236239706
2010-10-13,3630.7805477010174
2010-10-14,
2010-10-15,496.5923214503358
2010-10-16,5058.246620031148
2010-10-17,1870.6821403658016
2010-10-18,
2010-10-19,1342.764961137864
2010-10-20,
2010-10-21,496.5923214503358
2010-10-22,
2010-10-23,
2010-10-24,963.8290236239706
2010-10-25,7046.9306896714525
2010-10-26,19054.607179632523
2010-10-27,1342.764961137864
2010-10-28,963.8290236239706
2010-10-29,
2010-10-30,1342.764961137864
2010-10-31,5058.246620031148
2010-11-01,496.5923214503358
2010-11-02,963.8290236239706
2010-11-03,10375284.158180127
2010-11-04,1870.6821403658016
2010-11-05,1870.6821403658016
2010-11-06,2606.1535499988977
2010-11-07,2606.1535499988977
2010-11-08,1342.764961137864
2010-11-09,1870.6821403658016
2010-11-10,963.8290236239706
2010-11-11,1870.6821403658016
2010-11-12,3630.7805477010174
2010-11-13,963.8290236239706
2010-11-14,1342.764961137864
2010-11-15,963.8290236239706
2010-11-16,1870.6821403658016
2010-11-17,
2010-11-18,691.8309709189363
2010-11-19,3630.7805477010174
2010-11-20,963.8290236239706
2010-11-21,3630.7805477010174
2010-11-22,963.8290236239706
2010-11-23,963.8290236239706
2010-11-24,356.4511334262439
2010-11-25,356.4511334262439
2010-11-26,496.5923214503358
2010-11-27,3630.7805477010174
2010-11-28,
2010-11-29,
2010-11-30,1342.764961137864
2010-12-01,9817.479430199863
2010-12-02,
2010-12-03,1342.764961137864
2010-12-04,1342.764961137864
2010-12-05,2606.1535499988977
2010-12-06,1342.764961137864
2010-12-07,691.8309709189363
2010-12-08,496.5923214503358
2010-12-09,2606.1535499988977
2010-12-10,2606.1535499988977
2010-12-11,1870.6821403658016
2010-12-12,
2010-12-13,
2010-12-14,
2010-12-15,2606.1535499988977
2010-12-16,3630.7805477010174
2010-12-17,19054.607179632523
2010-12-18,1870.6821403658016
2010-12-19,
2010-12-20,
2010-12-21,963.8290236239706
2010-12-22,356.4511334262439
2010-12-23,2606.1535499988977
2010-12-24,1342.764961137864
2010-12-25,1342.764961137864
2010-12-26,496.5923214503358
2010-12-27,1342.764961137864
2010-12-28,
2010-12-29,1342.764961137864
2010-12-30,691.8309709189363
2010-12-31,100000.0
2011-01-01,496.5923214503358
2011-01-02,3630.7805477010174
2011-01-03,
2011-01-04,691.8309709189363
2011-01-05,496.5923214503358
2011-01-06,691.8309709189363
2011-01-07,963.8290236239706
2011-01-08,1870.6821403658016
2011-01-09,691.8309709189363
2011-01-10,2606.1535499988977
2011-01-11,496.5923214503358
2011-01-12,
2011-01-13,2606.1535499988977
2011-01-14,691.8309709189363
2011-01-15,7046.9306896714525
2011-01-16,496.5923214503358
2011-01-17,
2011-01-18,2606.1535499988977
2011-01-19,691.8309709189363
2011-01-20,139315.6802945298
2011-01-21,963.8290236239706
2011-01-22,963.8290236239706
2011-01-23,5058.246620031148
2011-01-24,
2011-01-25,131.825673855641
2011-01-26,
2011-01-27,496.5923214503358
2011-01-28,1870.6821403658016
2011-01-29,
2011-01-30,1870.6821403658016
2011-01-31,356.4511334262439
2011-02-01,496.5923214503358
2011-02-02,963.8290236239706
2011-02-03,3630.7805477010174
2011-02-04,691.8309709189363
2011-02-05,963.8290236239706
2011-02-06,1870.6821403658016
2011-02-07,1342.764961137864
2011-02-08,2606.1535499988977
2011-02-09,1870.6821403658016
2011-02-10,
2011-02-11,2606.1535499988977
2011-02-12,963.8290236239706
2011-02-13,963.8290236239706
2011-02-14,691.8309709189363
2011-02-15,496.5923214503358
2011-02-16,1342.764961137864
2011-02-17,1342.764961137864
2011-02-18,5058.246620031148
2011-02-19,691.8309709189363
2011-02-20,
2011-02-21,1870.6821403658016
2011-02-22,5058.246620031148
2011-02-23,3630.7805477010174
2011-02-24,19054.607179632523
2011-02-25,51522.86445817562
2011-02-26,255.8585886905653
2011-02-27,94.6237161365793
2011-02-28,
2011-03-01,
2011-03-02,
2011-03-03,1342.764961137864
2011-03-04,
2011-03-05,3630.7805477010174
2011-03-06,1870.6821403658016
2011-03-07,1342.764961137864
2011-03-08,356.4511334262439
2011-03-09,100000.0
2011-03-10,
2011-03-11,
2011-03-12,7046.9306896714525
2011-03-13,
2011-03-14,9817.479430199863
2011-03-15,1870.6821403658016
2011-03-16,
2011-03-17,1342.764961137864
2011-03-18,1870.6821403658016
2011-03-19,2606.1535499988977
2011-03-20,3630.7805477010174
2011-03-21,2606.1535499988977
2011-03-22,131.825673855641
2011-03-23,2606.1535499988977
2011-03-24,496.5923214503358
2011-03-25,963.8290236239706
2011-03-26,1342.764961137864
2011-03-27,691.8309709189363
2011-03-28,963.8290236239706
2011-03-29,1870.6821403658016
2011-03-30,5058.246620031148
2011-03-31,255.8585886905653
2011-04-01,3630.7805477010174
2011-04-02,496.5923214503358
2011-04-03,2606.1535499988977
2011-04-04,963.8290236239706
2011-04-05,691.8309709189363
2011-04-06,1870.6821403658016
2011-04-07,
2011-04-08,1342.764961137864
2011-04-09,
2011-04-10,2606.1535499988977
2011-04-11,1342.764961137864
2011-04-12,1870.6821403658016
2011-04-13,1342.764961137864
2011-04-14,2606.1535499988977
2011-04-15,1870.6821403658016
2011-04-16,1870.6821403658016
2011-04-17,963.8290236239706
2011-04-18,496.5923214503358
2011-04-19,13677.288255958467
2011-04-20,1342.764961137864
2011-04-21,1342.764961137864
2011-04-22,356.4511334262439
2011-04-23,963.8290236239706
2011-04-24,1342.764961137864
2011-04-25,963.8290236239706
2011-04-26,496.5923214503358
2011-04-27,691.8309709189363
2011-04-28,183.65383433483436
2011-04-29,963.8290236239706
2011-04-30,1342.764961137864
2011-05-01,7046.9306896714525
2011-05-02,963.8290236239706
2011-05-03,691.8309709189363
2011-05-04,
2011-05-05,963.8290236239706
2011-05-06,1342.764961137864
2011-05-07,5058.246620031148
2011-05-08,3630.7805477010174
2011-05-09,13677.288255958467
2011-05-10,496.5923214503358
2011-05-11,
2011-05-12,691.8309709189363
2011-05-13,1342.764961137864
2011-05-14,1870.6821403658016
2011-05-15,1342.764961137864
2011-05-16,
2011-05-17,1870.6821403658016
2011-05-18,1870.6821403658016
2011-05-19,13677.288255958467
2011-05-20,1342.764961137864
2011-05-21,963.8290236239706
2011-05-22,3630.7805477010174
2011-05-23,3630.7805477010174
2011-05-24,1870.6821403658016
2011-05-25,
2011-05-26,1342.764961137864
2011-05-27,963.8290236239706
2011-05-28,963.8290236239706
2011-05-29,131.825673855641
2011-05-30,26546.055619755363
2011-05-31,356.4511334262439
2011-06-01,
2011-06-02,
2011-06-03,963.8290236239706
2011-06-04,963.8290236239706
2011-06-05,1342.764961137864
2011-06-06,963.8290236239706
2011-06-07,255.8585886905653
2011-06-08,963.8290236239706
2011-06-09,1870.6821403658016
2011-06-10,1870.6821403658016
2011-06-11,
2011-06-12,691.8309709189363
2011-06-13,356.4511334262439
2011-06-14,1342.764961137864
2011-06-15,356.4511334262439
2011-06-16,496.5923214503358
2011-06-17,1342.764961137864
2011-06-18,7046.9306896714525
2011-06-19,1342.764961137864
2011-06-20,183.65383433483436
2011-06-21,9817.479430199863
2011-06-22,3630.7805477010174
2011-06-23,496.5923214503358
2011-06-24,963.8290236239706
2011-06-25,1342.764961137864
2011-06-26,67.92036326171858
2011-06-27,1870.6821403658016
2011-06-28,2606.1535499988977
2011-06-29,
2011-06-30,1342.764961137864
2011-07-01,255.8585886905653
2011-07-02,1870.6821403658016
2011-07-03,
2011-07-04,1342.764961137864
2011-07-05,691.8309709189363
2011-07-06,691.8309709189363
2011-07-07,1342.764961137864
2011-07-08,1870.6821403658016
2011-07-09,2606.1535499988977
2011-07-10,963.8290236239706
2011-07-11,1870.6821403658016
2011-07-12,1870.6821403658016
2011-07-13,3630.7805477010174
2011-07-14,1342.764961137864
2011-07-15,3630.7805477010174
2011-07-16,1870.6821403658016
2011-07-17,963.8290236239706
2011-07-18,963.8290236239706
2011-07-19,963.8290236239706
2011-07-20,963.8290236239706
2011-07-21,963.8290236239706
2011-07-22,356.4511334262439
2011-07-23,496.5923214503358
2011-07-24,94.6237161365793
2011-07-25,5345643.593969714
2011-07-26,2606.1535499988977
2011-07-27,3630.7805477010174
2011-07-28,9817.479430199863
2011-07-29,1870.6821403658016
2011-07-30,3630.7805477010174
2011-07-31,1342.764961137864
2011-08-01,1342.764961137864
2011-08-02,9817.479430199863
2011-08-03,5058.246620031148
2011-08-04,19054.607179632523
2011-08-05,691.8309709189363
2011-08-06,1342.764961137864
2011-08-07,1870.6821403658016
2011-08-08,963.8290236239706
2011-08-09,1342.764961137864
2011-08-10,963.8290236239706
2011-08-11,26546.055619755363
2011-08-12,1342.764961137864
2011-08-13,963.8290236239706
2011-08-14,
2011-08-15,
2011-08-16,100000.0
2011-08-17,1870.6821403658016
2011-08-18,1342.764961137864
2011-08-19,1342.764961137864
2011-08-20,963.8290236239706
2011-08-21,3630.7805477010174
2011-08-22,963.8290236239706
2011-08-23,
2011-08-24,
2011-08-25,691.8309709189363
2011-08-26,1342.764961137864
2011-08-27,
2011-08-28,1870.6821403658016
2011-08-29,1870.6821403658016
2011-08-30,
2011-08-31,25.118864315095824
2011-09-01,1342.764961137864
2011-09-02,3630.7805477010174
2011-09-03,
2011-09-04,691.8309709189363
2011-09-05,691.8309709189363
2011-09-06,1870.6821403658016
2011-09-07,
2011-09-08,496.5923214503358
2011-09-09,1342.764961137864
2011-09-10,963.8290236239706
2011-09-11,2606.1535499988977
2011-09-12,356.4511334262439
2011-09-13,963.8290236239706
2011-09-14,255.8585886905653
2011-09-15,1342.764961137864
2011-09-16,963.8290236239706
2011-09-17,1870.6821403658016
2011-09-18,
2011-09-19,963.8290236239706
2011-09-20,963.8290236239706
2011-09-21,1870.6821403658016
2011-09-22,963.8290236239706
2011-09-23,9817.479430199863
2011-09-24,963.8290236239706
2011-09-25,255.8585886905653
2011-09-26,1870.6821403658016
2011-09-27,
2011-09-28,1342.764961137864
2011-09-29,1342.764961137864
2011-09-30,
2011-10-01,1870.6821403658016
2011-10-02,963.8290236239706
2011-10-03,356.4511334262439
2011-10-04,183.65383433483436
2011-10-05,691.8309709189363
2011-10-06,356.4511334262439
2011-10-07,255.8585886905653
2011-10-08,255.8585886905653
2011-10-09,963.8290236239706
2011-10-10,
2011-10-11,496.5923214503358
2011-10-12,496.5923214503358
2011-10-13,255.8585886905653
2011-10-14,3630.7805477010174
2011-10-15,183.65383433483436
2011-10-16,51522.86445817562
2011-10-17,5058.246620031148
2011-10-18,1342.764961137864
2011-10-19,963.8290236239706
2011-10-20,1870.6821403658016
2011-10-21,7046.9306896714525
2011-10-22,131.825673855641
2011-10-23,2606.1535499988977
2011-10-24,
2011-10-25,
2011-10-26,1870.6821403658016
2011-10-27,1342.764961137864
2011-10-28,963.8290236239706
2011-10-29,1342.764961137864
2011-10-30,1870.6821403658016
2011-10-31,3630.7805477010174
2011-11-01,963.8290236239706
2011-11-02,691.8309709189363
2011-11-03,356.4511334262439
2011-11-04,3630.7805477010174
2011-11-05,1342.764961137864
2011-11-06,496.5923214503358
2011-11-07,1342.764961137864
2011-11-08,1870.6821403658016
2011-11-09,255.8585886905653
2011-11-10,691.8309709189363
2011-11-11,1342.764961137864
2011-11-12,5058.246620031148
2011-11-13,356.4511334262439
2011-11-14,963.8290236239706
2011-11-15,1342.764961137864
2011-11-16,963.8290236239706
2011-11-17,691.8309709189363
2011-11-18,496.5923214503358
2011-11-19,94.6237161365793
2011-11-20,
2011-11-21,
2011-11-22,
2011-11-23,
2011-11-24,
2011-11-25,94.6237161365793
2011-11-26,691.8309709189363
2011-11-27,255.8585886905653
2011-11-28,963.8290236239706
2011-11-29,496.5923214503358
2011-11-30,
2011-12-01,691.8309709189363
2011-12-02,2606.1535499988977
2011-12-03,2606.1535499988977
2011-12-04,131.825673855641
2011-12-05,1342.764961137864
2011-12-06,
2011-12-07,963.8290236239706
2011-12-08,963.8290236239706
2011-12-09,963.8290236239706
2011-12-10,1342.764961137864
2011-12-11,255.8585886905653
2011-12-12,356.4511334262439
2011-12-13,963.8290236239706
2011-12-14,2606.1535499988977
2011-12-15,691.8309709189363
2011-12-16,963.8290236239706
2011-12-17,255.8585886905653
2011-12-18,496.5923214503358
2011-12-19,963.8290236239706
2011-12-20,1870.6821403658016
2011-12-21,183.65383433483436
2011-12-22,691.8309709189363
2011-12-23,67.92036326171858
2011-12-24,691.8309709189363
2011-12-25,
2011-12-26,963.8290236239706
2011-12-27,
2011-12-28,2606.1535499988977
2011-12-29,94.6237161365793
2011-12-30,1342.764961137864
2011-12-31,496.5923214503358
2012-01-01,1870.6821403658016
2012-01-02,1342.764961137864
2012-01-03,1342.764961137864
2012-01-04,691.8309709189363
2012-01-05,131.825673855641
2012-01-06,2606.1535499988977
2012-01-07,1342.764961137864
2012-01-08,
2012-01-09,356.4511334262439
2012-01-10,1342.764961137864
2012-01-11,1342.764961137864
2012-01-12,19054.607179632523
2012-01-13,963.8290236239706
2012-01-14,183.65383433483436
2012-01-15,1342.764961137864
2012-01-16,1342.764961137864
2012-01-17,3630.7805477010174
2012-01-18,1870.6821403658016
2012-01-19,2606.1535499988977
2012-01-20,
2012-01-21,1870.6821403658016
2012-01-22,1870.6821403658016
2012-01-23,255.8585886905653
2012-01-24,1342.764961137864
2012-01-25,691.8309709189363
2012-01-26,183.65383433483436
2012-01-27,2606.1535499988977
2012-01-28,131.825673855641
2012-01-29,255.8585886905653
2012-01-30,7046.9306896714525
2012-01-31,
2012-02-01,2606.1535499988977
2012-02-02,5058.246620031148
2012-02-03,2606.1535499988977
2012-02-04,691.8309709189363
2012-02-05,1870.6821403658016
2012-02-06,
2012-02-07,9817.479430199863
2012-02-08,
2012-02-09,691.8309709189363
2012-02-10,2606.1535499988977
2012-02-11,1870.6821403658016
2012-02-12,356.4511334262439
2012-02-13,356.4511334262439
2012-02-14,496.5923214503358
2012-02-15,
2012-02-16,963.8290236239706
2012-02-17,
2012-02-18,1342.764961137864
2012-02-19,963.8290236239706
2012-02-20,131.825673855641
2012-02-21,963.8290236239706
2012-02-22,356.4511334262439
2012-02-23,94.6237161365793
2012-02-24,5058.246620031148
2012-02-25,963.8290236239706
2012-02-26,691.8309709189363
2012-02-27,1342.764961137864
2012-02-28,1342.764961137864
2012-02-29,
2012-03-01,1342.764961137864
2012-03-02,963.8290236239706
2012-03-03,
2012-03-04,
2012-03-05,1342.764961137864
2012-03-06,183.65383433483436
2012-03-07,356.4511334262439
2012-03-08,691.8309709189363
2012-03-09,963.8290236239706
2012-03-10,183.65383433483436
2012-03-11,356.4511334262439
2012-03-12,691.8309709189363
2012-03-13,1870.6821403658016
2012-03-14,36982.81797802674
2012-03-15,1870.6821403658016
2012-03-16,19054.607179632523
2012-03-17,496.5923214503358
2012-03-18,496.5923214503358
2012-03-19,496.5923214503358
2012-03-20,356.4511334262439
2012-03-21,7046.9306896714525
2012-03-22,7046.9306896714525
2012-03-23,131.825673855641
2012-03-24,691.8309709189363
2012-03-25,1342.764961137864
2012-03-26,1342.764961137864
2012-03-27,691.8309709189363
2012-03-28,1870.6821403658016
2012-03-29,1870.6821403658016
2012-03-30,691.8309709189363
2012-03-31,691.8309709189363
2012-04-01,963.8290236239706
2012-04-02,
2012-04-03,691.8309709189363
2012-04-04,496.5923214503358
2012-04-05,356.4511334262439
2012-04-06,131.825673855641
2012-04-07,691.8309709189363
2012-04-08,
2012-04-09,496.5923214503358
2012-04-10,356.4511334262439
2012-04-11,691.8309709189363
2012-04-12,131.825673855641
2012-04-13,691.8309709189363
2012-04-14,7046.9306896714525
2012-04-15,963.8290236239706
2012-04-16,356.4511334262439
2012-04-17,1342.764961137864
2012-04-18,1870.6821403658016
2012-04-19,691.8309709189363
2012-04-20,691.8309709189363
2012-04-21,183.65383433483436
2012-04-22,25.118864315095824
2012-04-23,1342.764961137864
2012-04-24,963.8290236239706
2012-04-25,94.6237161365793
2012-04-26,356.4511334262439
2012-04-27,496.5923214503358
2012-04-28,34.99451670283577
2012-04-29,2606.1535499988977
2012-04-30,
2012-05-01,
2012-05-02,67.92036326171858
2012-05-03,1342.764961137864
2012-05-04,270395.8364108835
2012-05-05,691.8309709189363
2012-05-06,
2012-05-07,
2012-05-08,1870.6821403658016
2012-05-09,496.5923214503358
2012-05-10,496.5923214503358
2012-05-11,255.8585886905653
2012-05-12,131.825673855641
2012-05-13,691.8309709189363
2012-05-14,691.8309709189363
2012-05-15,496.5923214503358
2012-05-16,
2012-05-17,496.5923214503358
2012-05-18,1342.764961137864
2012-05-19,2606.1535499988977
2012-05-20,963.8290236239706
2012-05-21,255.8585886905653
2012-05-22,496.5923214503358
2012-05-23,356.4511334262439
2012-05-24,2606.1535499988977
2012-05-25,94.6237161365793
2012-05-26,963.8290236239706
2012-05-27,
2012-05-28,496.5923214503358
2012-05-29,34.99451670283577
2012-05-30,1342.764961137864
2012-05-31,1342.764961137864
2012-06-01,1870.6821403658016
2012-06-02,691.8309709189363
2012-06-03,1342.764961137864
2012-06-04,255.8585886905653
2012-06-05,1870.6821403658016
2012-06-06,48.7528490103387
2012-06-07,3837072.454922784
2012-06-08,1342.764961137864
2012-06-09,356.4511334262439
2012-06-10,3630.7805477010174
2012-06-11,356.4511334262439
2012-06-12,1870.6821403658016
2012-06-13,2606.1535499988977
2012-06-14,183.65383433483436
2012-06-15,691.8309709189363
2012-06-16,
2012-06-17,963.8290236239706
2012-06-18,1342.764961137864
2012-06-19,691.8309709189363
2012-06-20,963.8290236239706
2012-06-21,94.6237161365793
2012-06-22,255.8585886905653
2012-06-23,183.65383433483436
2012-06-24,13677.288255958467
2012-06-25,496.5923214503358
2012-06-26,963.8290236239706
2012-06-27,1342.764961137864
2012-06-28,963.8290236239706
2012-06-29,183.65383433483436
2012-06-30,356.4511334262439
2012-07-01,356.4511334262439
2012-07-02,691.8309709189363
2012-07-03,255.8585886905653
2012-07-04,1342.764961137864
2012-07-05,94.6237161365793
2012-07-06,496.5923214503358
2012-07-07,100000.0
2012-07-08,
2012-07-09,3630.7805477010174
2012-07-10,963.8290236239706
2012-07-11,2606.1535499988977
2012-07-12,
2012-07-13,963.8290236239706
2012-07-14,963.8290236239706
2012-07-15,1870.6821403658016
2012-07-16,255.8585886905653
2012-07-17,
2012-07-18,
2012-07-19,34.99451670283577
2012-07-20,496.5923214503358
2012-07-21,1870.6821403658016
2012-07-22,
2012-07-23,
2012-07-24,
2012-07-25,731139.0834834187
2012-07-26,67.92036326171858
2012-07-27,5058.246620031148
2012-07-28,691.8309709189363
2012-07-29,131.825673855641
2012-07-30,255.8585886905653
2012-07-31,
2012-08-01,183.65383433483436
2012-08-02,1342.764961137864
2012-08-03,2606.1535499988977
2012-08-04,691.8309709189363
2012-08-05,2606.1535499988977
2012-08-06,356.4511334262439
2012-08-07,34.99451670283577
2012-08-08,19054.607179632523
2012-08-09,255.8585886905653
2012-08-10,
2012-08-11,1870.6821403658016
2012-08-12,131.825673855641
2012-08-13,496.5923214503358
2012-08-14,691.8309709189363
2012-08-15,
2012-08-16,1342.764961137864
2012-08-17,496.5923214503358
2012-08-18,131.825673855641
2012-08-19,
2012-08-20,
2012-08-21,
2012-08-22,183.65383433483436
2012-08-23,255.8585886905653
2012-08-24,963.8290236239706
2012-08-25,34.99451670283577
2012-08-26,1870.6821403658016
2012-08-27,2606.1535499988977
2012-08-28,
2012-08-29,48.7528490103387
2012-08-30,67.92036326171858
2012-08-31,356.4511334262439
2012-09-01,1870.6821403658016
2012-09-02,
2012-09-03,
2012-09-04,48.7528490103387
2012-09-05,131.825673855641
2012-09-06,
2012-09-07,
2012-09-08,963.8290236239706
2012-09-09,
2012-09-10,255.8585886905653
2012-09-11,
2012-09-12,25.118864315095824
2012-09-13,
2012-09-14,183.65383433483436
2012-09-15,34.99451670283577
2012-09-16,1342.764961137864
2012-09-17,1342.764961137864
2012-09-18,
2012-09-19,131.825673855641
2012-09-20,48.7528490103387
2012-09-21,48.7528490103387
2012-09-22,131.825673855641
2012-09-23,34.99451670283577
2012-09-24,131.825673855641
2012-09-25,183.65383433483436
2012-09-26,94.6237161365793
2012-09-27,48.7528490103387
2012-09-28,34.99451670283577
2012-09-29,255.8585886905653
2012-09-30,496.5923214503358
2012-10-01,67.92036326171858
2012-10-02,131.825673855641
2012-10-03,5058.246620031148
2012-10-04,
2012-10-05,183.65383433483436
2012-10-06,
2012-10-07,131.825673855641
2012-10-08,67.92036326171858
2012-10-09,255.8585886905653
2012-10-10,5058.246620031148
2012-10-11,255.8585886905653
2012-10-12,183.65383433483436
2012-10-13,963.8290236239706
2012-10-14,2606.1535499988977
2012-10-15,
2012-10-16,963.8290236239706
2012-10-17,356.4511334262439
2012-10-18,183.65383433483436
2012-10-19,51522.86445817562
2012-10-20,9817.479430199863
2012-10-21,9817.479430199863
2012-10-22,
2012-10-23,356.4511334262439
2012-10-24,496.5923214503358
2012-10-25,
2012-10-26,100000.0
2012-10-27,71779.42912713616
2012-10-28,
2012-10-29,255.8585886905653
2012-10-30,356.4511334262439
2012-10-31,19054.607179632523
2012-11-01,48.7528490103387
2012-11-02,5058.246620031148
2012-11-03,5058.246620031148
2012-11-04,255.8585886905653
2012-11-05,1342.764961137864
2012-11-06,
2012-11-07,2606.1535499988977
2012-11-08,1870.6821403658016
2012-11-09,255.8585886905653
2012-11-10,691.8309709189363
2012-11-11,691.8309709189363
2012-11-12,356.4511334262439
2012-11-13,1342.764961137864
2012-11-14,3630.7805477010174
2012-11-15,496.5923214503358
2012-11-16,131.825673855641
2012-11-17,1342.764961137864
2012-11-18,691.8309709189363
2012-11-19,
2012-11-20,
2012-11-21,48.7528490103387
2012-11-22,3630.7805477010174
2012-11-23,131.825673855641
2012-11-24,5058.246620031148
2012-11-25,1342.764961137864
2012-11-26,13677.288255958467
2012-11-27,255.8585886905653
2012-11-28,255.8585886905653
2012-11-29,34.99451670283577
2012-11-30,183.65383433483436
2012-12-01,183.65383433483436
2012-12-02,67.92036326171858
2012-12-03,67.92036326171858
2012-12-04,496.5923214503358
2012-12-05,496.5923214503358
2012-12-06,94.6237161365793
2012-12-07,
2012-12-08,13677.288255958467
2012-12-09,26546.055619755363
2012-12-10,255.8585886905653
2012-12-11,356.4511334262439
2012-12-12,183.65383433483436
2012-12-13,963.8290236239706
2012-12-14,963.8290236239706
2012-12-15,131.825673855641
2012-12-16,9817.479430199863
2012-12-17,1342.764961137864
2012-12-18,
2012-12-19,255.8585886905653
2012-12-20,
2012-12-21,
2012-12-22,94.6237161365793
2012-12-23,67.92036326171858
2012-12-24,356.4511334262439
2012-12-25,356.4511334262439
2012-12-26,963.8290236239706
2012-12-27,67.92036326171858
2012-12-28,356.4511334262439
2012-12-29,67.92036326171858
2012-12-30,255.8585886905653
2012-12-31,691.8309709189363
